Workbook

Sheet config
A1: customer_id | B1: driver_id | C1: alt_drop_off_id | D1: Điểm Pick-up | E1: Điểm Drop-off thay thế | F1: Driver | G1: bot_token | H1: chat_id | I1: shift_start | J1: shift_end | K1: smart_driver_id
A2: d4fa76f4-b95a-11f0-be92-506b8d982279 | B2: =IFNA(VLOOKUP(F2,Driver!A:C,2,false),"") -> 8094d712-0f78-11f0-b96d-506b8d982279 | C2: =IFNA(VLOOKUP(E2,'Location Table'!A:C,2,false),"") | D2: 10000 - D10 - CMT8 - Test Julie | F2: Nguyễn Thành Long | G2: =IFNA(VLOOKUP(F2,Driver!A:D,4,false),"") | H2: =IFNA(VLOOKUP(F2,Driver!A:C,3,false),"") | I2: 0.29166667 | J2: 0.66666667
A3: =IFNA(VLOOKUP(D3,'Location Table'!A:C,2,false),"") -> 7fefc6d4-4539-11ed-94b3-506b8dbc8dfb | B3: =IFNA(VLOOKUP(F3,Driver!A:C,2,false),"") -> 7898dd6c-816d-11f0-9f34-506b8d982279 | C3: =IFNA(VLOOKUP(E3,'Location Table'!A:C,2,false),"") | D3: 10232 - BHoa - VTSau - PKĐK Tâm An | F3: F - P - DC101785 Nguyễn Quốc Cường | G3: =IFNA(VLOOKUP(F3,Driver!A:D,4,false),"") -> 1980698793628880414:XXMGIAegigeHesHcPUQpIcnMCwhigvPUATFrPyRHiqIZqTwmvWiXbUzfDhivxPcl | H3: =IFNA(VLOOKUP(F3,Driver!A:C,3,false),"") -> 011b70c8f4801dde4491 | I3: 0.29166667 | J3: 0.66666667
A4: =IFNA(VLOOKUP(D4,'Location Table'!A:C,2,false),"") -> 84d326dc-4543-11ed-a50a-506b8dbc8dfb | B4: =IFNA(VLOOKUP(F4,Driver!A:C,2,false),"") -> 7898dd6c-816d-11f0-9f34-506b8d982279 | C4: =IFNA(VLOOKUP(E4,'Location Table'!A:C,2,false),"") | D4: 10281 - BHoa - DVTron - Kien Clinic | F4: F - P - DC101785 Nguyễn Quốc Cường | G4: =IFNA(VLOOKUP(F4,Driver!A:D,4,false),"") -> 1980698793628880414:XXMGIAegigeHesHcPUQpIcnMCwhigvPUATFrPyRHiqIZqTwmvWiXbUzfDhivxPcl | H4: =IFNA(VLOOKUP(F4,Driver!A:C,3,false),"") -> 011b70c8f4801dde4491 | I4: 0.29166667 | J4: 0.66666667
A5: =IFNA(VLOOKUP(D5,'Location Table'!A:C,2,false),"") -> 6e14d1d4-11de-11ef-9e30-506b8d9879b5 | B5: =IFNA(VLOOKUP(F5,Driver!A:C,2,false),"") -> 7898dd6c-816d-11f0-9f34-506b8d982279 | C5: =IFNA(VLOOKUP(E5,'Location Table'!A:C,2,false),"") | D5: 10304 - BHoa - 30/4 - Nguyễn Trần Tố Nữ Yến Nhi | F5: F - P - DC101785 Nguyễn Quốc Cường | G5: =IFNA(VLOOKUP(F5,Driver!A:D,4,false),"") -> 1980698793628880414:XXMGIAegigeHesHcPUQpIcnMCwhigvPUATFrPyRHiqIZqTwmvWiXbUzfDhivxPcl | H5: =IFNA(VLOOKUP(F5,Driver!A:C,3,false),"") -> 011b70c8f4801dde4491 | I5: 0.29166667 | J5: 0.66666667
A6: =IFNA(VLOOKUP(D6,'Location Table'!A:C,2,false),"") -> 61af27cc-8aad-11ee-b551-506b8d9879b5 | B6: =IFNA(VLOOKUP(F6,Driver!A:C,2,false),"") -> 7898dd6c-816d-11f0-9f34-506b8d982279 | C6: =IFNA(VLOOKUP(E6,'Location Table'!A:C,2,false),"") | D6: 10323 - BHoa - DKhoi - Phạm Thị Thu Thảo | F6: F - P - DC101785 Nguyễn Quốc Cường | G6: =IFNA(VLOOKUP(F6,Driver!A:D,4,false),"") -> 1980698793628880414:XXMGIAegigeHesHcPUQpIcnMCwhigvPUATFrPyRHiqIZqTwmvWiXbUzfDhivxPcl | H6: =IFNA(VLOOKUP(F6,Driver!A:C,3,false),"") -> 011b70c8f4801dde4491 | I6: 0.29166667 | J6: 0.66666667
A7: =IFNA(VLOOKUP(D7,'Location Table'!A:C,2,false),"") -> 41126efc-4349-11ef-8430-506b8d9879b5 | B7: =IFNA(VLOOKUP(F7,Driver!A:C,2,false),"") -> 7898dd6c-816d-11f0-9f34-506b8d982279 | C7: =IFNA(VLOOKUP(E7,'Location Table'!A:C,2,false),"") | D7: 10405 - BHoa - VTSau - Trần Viết Hợi | F7: F - P - DC101785 Nguyễn Quốc Cường | G7: =IFNA(VLOOKUP(F7,Driver!A:D,4,false),"") -> 1980698793628880414:XXMGIAegigeHesHcPUQpIcnMCwhigvPUATFrPyRHiqIZqTwmvWiXbUzfDhivxPcl | H7: =IFNA(VLOOKUP(F7,Driver!A:C,3,false),"") -> 011b70c8f4801dde4491 | I7: 0.29166667 | J7: 0.66666667
A8: =IFNA(VLOOKUP(D8,'Location Table'!A:C,2,false),"") -> 4f07dccc-9ce9-11f0-99fb-506b8d982279 | B8: =IFNA(VLOOKUP(F8,Driver!A:C,2,false),"") -> 7898dd6c-816d-11f0-9f34-506b8d982279 | C8: =IFNA(VLOOKUP(E8,'Location Table'!A:C,2,false),"") | D8: 10877 - BHoa - NAQuoc - Nguyễn Thị Anh Ngân | F8: F - P - DC101785 Nguyễn Quốc Cường | G8: =IFNA(VLOOKUP(F8,Driver!A:D,4,false),"") -> 1980698793628880414:XXMGIAegigeHesHcPUQpIcnMCwhigvPUATFrPyRHiqIZqTwmvWiXbUzfDhivxPcl | H8: =IFNA(VLOOKUP(F8,Driver!A:C,3,false),"") -> 011b70c8f4801dde4491 | I8: 0.29166667 | J8: 0.66666667
A9: =IFNA(VLOOKUP(D9,'Location Table'!A:C,2,false),"") -> f036056c-8a92-11ee-b9a1-506b8d9879b5 | B9: =IFNA(VLOOKUP(F9,Driver!A:C,2,false),"") -> 7898dd6c-816d-11f0-9f34-506b8d982279 | C9: =IFNA(VLOOKUP(E9,'Location Table'!A:C,2,false),"") | D9: 11628 - BHoa - DKhoi - Nguyễn Thị Hoàng Yến | F9: F - P - DC101785 Nguyễn Quốc Cường | G9: =IFNA(VLOOKUP(F9,Driver!A:D,4,false),"") -> 1980698793628880414:XXMGIAegigeHesHcPUQpIcnMCwhigvPUATFrPyRHiqIZqTwmvWiXbUzfDhivxPcl | H9: =IFNA(VLOOKUP(F9,Driver!A:C,3,false),"") -> 011b70c8f4801dde4491 | I9: 0.29166667 | J9: 0.66666667
A10: =IFNA(VLOOKUP(D10,'Location Table'!A:C,2,false),"") -> 230eb4e2-a57d-11ef-a7db-506b8d9879b5 | B10: =IFNA(VLOOKUP(F10,Driver!A:C,2,false),"") -> 7898dd6c-816d-11f0-9f34-506b8d982279 | C10: =IFNA(VLOOKUP(E10,'Location Table'!A:C,2,false),"") | D10: 11704 - BHoa - DKhoi - Đồng Khắc Sơn | F10: F - P - DC101785 Nguyễn Quốc Cường | G10: =IFNA(VLOOKUP(F10,Driver!A:D,4,false),"") -> 1980698793628880414:XXMGIAegigeHesHcPUQpIcnMCwhigvPUATFrPyRHiqIZqTwmvWiXbUzfDhivxPcl | H10: =IFNA(VLOOKUP(F10,Driver!A:C,3,false),"") -> 011b70c8f4801dde4491 | I10: 0.29166667 | J10: 0.66666667
A11: =IFNA(VLOOKUP(D11,'Location Table'!A:C,2,false),"") -> f5c156fc-11b7-11ee-a03b-506b8dbc8dfb | B11: =IFNA(VLOOKUP(F11,Driver!A:C,2,false),"") -> 7898dd6c-816d-11f0-9f34-506b8d982279 | C11: =IFNA(VLOOKUP(E11,'Location Table'!A:C,2,false),"") | D11: 11704 - BHoa - LBinh - Đồng Khắc Sơn | F11: F - P - DC101785 Nguyễn Quốc Cường | G11: =IFNA(VLOOKUP(F11,Driver!A:D,4,false),"") -> 1980698793628880414:XXMGIAegigeHesHcPUQpIcnMCwhigvPUATFrPyRHiqIZqTwmvWiXbUzfDhivxPcl | H11: =IFNA(VLOOKUP(F11,Driver!A:C,3,false),"") -> 011b70c8f4801dde4491 | I11: 0.29166667 | J11: 0.66666667
A12: =IFNA(VLOOKUP(D12,'Location Table'!A:C,2,false),"") -> 3999a980-0f35-11ef-b000-506b8d9879b5 | B12: =IFNA(VLOOKUP(F12,Driver!A:C,2,false),"") -> 7898dd6c-816d-11f0-9f34-506b8d982279 | C12: =IFNA(VLOOKUP(E12,'Location Table'!A:C,2,false),"") | D12: 11752 - BHoa - F3 - Nguyễn Kim Sơn | F12: F - P - DC101785 Nguyễn Quốc Cường | G12: =IFNA(VLOOKUP(F12,Driver!A:D,4,false),"") -> 1980698793628880414:XXMGIAegigeHesHcPUQpIcnMCwhigvPUATFrPyRHiqIZqTwmvWiXbUzfDhivxPcl | H12: =IFNA(VLOOKUP(F12,Driver!A:C,3,false),"") -> 011b70c8f4801dde4491 | I12: 0.29166667 | J12: 0.66666667
A13: =IFNA(VLOOKUP(D13,'Location Table'!A:C,2,false),"") -> d6fca2e0-513f-11ee-8a83-506b8d9879b5 | B13: =IFNA(VLOOKUP(F13,Driver!A:C,2,false),"") -> 7898dd6c-816d-11f0-9f34-506b8d982279 | C13: =IFNA(VLOOKUP(E13,'Location Table'!A:C,2,false),"") | D13: 11888 - BHoa - DVTron - Quách Thị Thu Hiền | F13: F - P - DC101785 Nguyễn Quốc Cường | G13: =IFNA(VLOOKUP(F13,Driver!A:D,4,false),"") -> 1980698793628880414:XXMGIAegigeHesHcPUQpIcnMCwhigvPUATFrPyRHiqIZqTwmvWiXbUzfDhivxPcl | H13: =IFNA(VLOOKUP(F13,Driver!A:C,3,false),"") -> 011b70c8f4801dde4491 | I13: 0.29166667 | J13: 0.66666667
A14: =IFNA(VLOOKUP(D14,'Location Table'!A:C,2,false),"") -> 8741aed2-0d86-11ee-bea3-506b8dbc8dfb | B14: =IFNA(VLOOKUP(F14,Driver!A:C,2,false),"") -> 7898dd6c-816d-11f0-9f34-506b8d982279 | C14: =IFNA(VLOOKUP(E14,'Location Table'!A:C,2,false),"") | D14: 11957 - BHoa - BHNghia - BS. Phan Văn Trọng | F14: F - P - DC101785 Nguyễn Quốc Cường | G14: =IFNA(VLOOKUP(F14,Driver!A:D,4,false),"") -> 1980698793628880414:XXMGIAegigeHesHcPUQpIcnMCwhigvPUATFrPyRHiqIZqTwmvWiXbUzfDhivxPcl | H14: =IFNA(VLOOKUP(F14,Driver!A:C,3,false),"") -> 011b70c8f4801dde4491 | I14: 0.29166667 | J14: 0.66666667
... A299: =IFNA(VLOOKUP(D299,'Location Table'!A:C,2,false),"") -> 68682bea-755d-11ef-9d29-506b8d9879b5 | B299: =IFNA(VLOOKUP(F299,Driver!A:C,2,false),"") -> e3970cec-503e-11f1-9378-fa163ee8d8ac | C299: =IFNA(VLOOKUP(E299,'Location Table'!A:C,2,false),"") | D299: 21362 - BThanh - NXi - PS315 Nguyễn Xí | F299: F - C - DC100017 Khưu Tấn Tài | G299: =IFNA(VLOOKUP(F299,Driver!A:D,4,false),"") | H299: =IFNA(VLOOKUP(F299,Driver!A:C,3,false),"") | I299: 0.29166667 | J299: 0.79166667
A300: =IFNA(VLOOKUP(D300,'Location Table'!A:C,2,false),"") -> 323821e8-59e6-11ef-bc31-506b8d9879b5 | B300: =IFNA(VLOOKUP(F300,Driver!A:C,2,false),"") -> 9ba6de4c-37d0-11ed-90bb-506b8dbc8dfb | C300: =IFNA(VLOOKUP(E300,'Location Table'!A:C,2,false),"") | D300: 21362 - CChi - QL22 - PS315 QL22 | F300: F - P - DC101161 Trần Nguyễn Thanh Duy | G300: =IFNA(VLOOKUP(F300,Driver!A:D,4,false),"") -> 1980698793628880414:XXMGIAegigeHesHcPUQpIcnMCwhigvPUATFrPyRHiqIZqTwmvWiXbUzfDhivxPcl | H300: =IFNA(VLOOKUP(F300,Driver!A:C,3,false),"") -> d0ce770b76499f17c658 | I300: 0.25 | J300: 0.64583333 | K300: 9ba6de4c-37d0-11ed-90bb-506b8dbc8dfb,987568fa-37c7-11ed-aac2-506b8dbc8dfb
A301: =IFNA(VLOOKUP(D301,'Location Table'!A:C,2,false),"") -> fd168f54-e9ef-11f0-a0fb-506b8d982279 | B301: =IFNA(VLOOKUP(F301,Driver!A:C,2,false),"") -> 9ba6de4c-37d0-11ed-90bb-506b8dbc8dfb | C301: =IFNA(VLOOKUP(E301,'Location Table'!A:C,2,false),"") | D301: 21362 - CChi - TL8 - PS315 61-63 Tỉnh Lộ 8 | F301: F - P - DC101161 Trần Nguyễn Thanh Duy | G301: =IFNA(VLOOKUP(F301,Driver!A:D,4,false),"") -> 1980698793628880414:XXMGIAegigeHesHcPUQpIcnMCwhigvPUATFrPyRHiqIZqTwmvWiXbUzfDhivxPcl | H301: =IFNA(VLOOKUP(F301,Driver!A:C,3,false),"") -> d0ce770b76499f17c658 | I301: 0.25 | J301: 0.64583333 | K301: 9ba6de4c-37d0-11ed-90bb-506b8dbc8dfb,987568fa-37c7-11ed-aac2-506b8dbc8dfb
A302: =IFNA(VLOOKUP(D302,'Location Table'!A:C,2,false),"") -> e07c49a2-0e9a-11ee-84f9-506b8dbc8dfb | B302: =IFNA(VLOOKUP(F302,Driver!A:C,2,false),"") -> 9ba6de4c-37d0-11ed-90bb-506b8dbc8dfb | C302: =IFNA(VLOOKUP(E302,'Location Table'!A:C,2,false),"") | D302: 21362 - CChi - TL8 - PS315 Tỉnh Lộ 8 | F302: F - P - DC101161 Trần Nguyễn Thanh Duy | G302: =IFNA(VLOOKUP(F302,Driver!A:D,4,false),"") -> 1980698793628880414:XXMGIAegigeHesHcPUQpIcnMCwhigvPUATFrPyRHiqIZqTwmvWiXbUzfDhivxPcl | H302: =IFNA(VLOOKUP(F302,Driver!A:C,3,false),"") -> d0ce770b76499f17c658 | I302: 0.25 | J302: 0.64583333 | K302: 9ba6de4c-37d0-11ed-90bb-506b8dbc8dfb,987568fa-37c7-11ed-aac2-506b8dbc8dfb
A303: =IFNA(VLOOKUP(D303,'Location Table'!A:C,2,false),"") -> 56e967fc-4626-11ed-99f2-506b8dbc8dfb | B303: =IFNA(VLOOKUP(F303,Driver!A:C,2,false),"") -> c34fdbc2-ea4c-11ed-a5e2-506b8dbc8dfb | C303: =IFNA(VLOOKUP(E303,'Location Table'!A:C,2,false),"") | D303: 21362 - D11 - ACo - PS315 Âu Cơ | F303: F - P - DC101326 Trần Thanh Thái Bảo | G303: =IFNA(VLOOKUP(F303,Driver!A:D,4,false),"") -> 1980698793628880414:XXMGIAegigeHesHcPUQpIcnMCwhigvPUATFrPyRHiqIZqTwmvWiXbUzfDhivxPcl | H303: =IFNA(VLOOKUP(F303,Driver!A:C,3,false),"") -> 671c6e0f3741de1f8750 | I303: 0.29166667 | J303: 0.79166667
A304: =IFNA(VLOOKUP(D304,'Location Table'!A:C,2,false),"") -> ce820dc0-cf03-11ee-894e-506b8d9879b5 | B304: =IFNA(VLOOKUP(F304,Driver!A:C,2,false),"") -> 353f3686-dcc8-11f0-82b8-506b8d982279 | C304: =IFNA(VLOOKUP(E304,'Location Table'!A:C,2,false),"") | D304: 21362 - D11 - LTKiet - PS315 Lý Thường Kiệt | F304: F - P - DC101876 Trịnh Ngọc Sơn | G304: =IFNA(VLOOKUP(F304,Driver!A:D,4,false),"") -> 2160130926882687325:VSRHFZoYrhhtnecmAaOfmgvaKlfxBZEgxFxSbLPTAhfVwurTuJfQgOTrwyseeqJQ | H304: =IFNA(VLOOKUP(F304,Driver!A:C,3,false),"") -> e7ce6d37cc7f25217c6e | I304: 0.29166667 | J304: 0.79166667
A305: =IFNA(VLOOKUP(D305,'Location Table'!A:C,2,false),"") -> e8cd6044-4b22-11ef-902f-506b8d9879b5 | B305: =IFNA(VLOOKUP(F305,Driver!A:C,2,false),"") -> a2f538f8-37ce-11ed-a5cf-506b8dbc8dfb | C305: =IFNA(VLOOKUP(E305,'Location Table'!A:C,2,false),"") | D305: 21362 - D12 - HHGiap - PS315 Hà Huy Giáp | F305: F - C - DC100844 Nguyễn Quốc Trung | G305: =IFNA(VLOOKUP(F305,Driver!A:D,4,false),"") -> 2160130926882687325:VSRHFZoYrhhtnecmAaOfmgvaKlfxBZEgxFxSbLPTAhfVwurTuJfQgOTrwyseeqJQ | H305: =IFNA(VLOOKUP(F305,Driver!A:C,3,false),"") -> c0d10f02724a9b14c25b | I305: 0.29166667 | J305: 0.6875
A306: =IFNA(VLOOKUP(D306,'Location Table'!A:C,2,false),"") -> 702f6dc4-4626-11ed-88ba-506b8dbc8dfb | B306: =IFNA(VLOOKUP(F306,Driver!A:C,2,false),"") -> a2f538f8-37ce-11ed-a5cf-506b8dbc8dfb | C306: =IFNA(VLOOKUP(E306,'Location Table'!A:C,2,false),"") | D306: 21362 - D12 - LVKhuong - PS315 Lê Văn Khương | F306: F - C - DC100844 Nguyễn Quốc Trung | G306: =IFNA(VLOOKUP(F306,Driver!A:D,4,false),"") -> 2160130926882687325:VSRHFZoYrhhtnecmAaOfmgvaKlfxBZEgxFxSbLPTAhfVwurTuJfQgOTrwyseeqJQ | H306: =IFNA(VLOOKUP(F306,Driver!A:C,3,false),"") -> c0d10f02724a9b14c25b | I306: 0.29166667 | J306: 0.6875
A307: =IFNA(VLOOKUP(D307,'Location Table'!A:C,2,false),"") -> 542902da-21f8-11ee-bcde-506b8d9879b5 | B307: =IFNA(VLOOKUP(F307,Driver!A:C,2,false),"") -> a2f538f8-37ce-11ed-a5cf-506b8dbc8dfb | C307: =IFNA(VLOOKUP(E307,'Location Table'!A:C,2,false),"") | D307: 21362 - D12 - NAThu - PS315 Nguyễn Ảnh Thủ | F307: F - C - DC100844 Nguyễn Quốc Trung | G307: =IFNA(VLOOKUP(F307,Driver!A:D,4,false),"") -> 2160130926882687325:VSRHFZoYrhhtnecmAaOfmgvaKlfxBZEgxFxSbLPTAhfVwurTuJfQgOTrwyseeqJQ | H307: =IFNA(VLOOKUP(F307,Driver!A:C,3,false),"") -> c0d10f02724a9b14c25b | I307: 0.29166667 | J307: 0.6875
A308: =IFNA(VLOOKUP(D308,'Location Table'!A:C,2,false),"") -> 7e60488c-9b1b-11ee-8ad8-506b8d9879b5 | B308: =IFNA(VLOOKUP(F308,Driver!A:C,2,false),"") -> a2f538f8-37ce-11ed-a5cf-506b8dbc8dfb | C308: =IFNA(VLOOKUP(E308,'Location Table'!A:C,2,false),"") | D308: 21362 - D12 - NVQua - PS315 Nguyễn Văn Quá | F308: F - C - DC100844 Nguyễn Quốc Trung | G308: =IFNA(VLOOKUP(F308,Driver!A:D,4,false),"") -> 2160130926882687325:VSRHFZoYrhhtnecmAaOfmgvaKlfxBZEgxFxSbLPTAhfVwurTuJfQgOTrwyseeqJQ | H308: =IFNA(VLOOKUP(F308,Driver!A:C,3,false),"") -> c0d10f02724a9b14c25b | I308: 0.29166667 | J308: 0.6875
A309: =IFNA(VLOOKUP(D309,'Location Table'!A:C,2,false),"") -> 31419a48-09d9-11ee-8601-506b8dbc8dfb | B309: =IFNA(VLOOKUP(F309,Driver!A:C,2,false),"") -> 1d4786cc-12f7-11f1-9378-fa163ee8d8ac | C309: =IFNA(VLOOKUP(E309,'Location Table'!A:C,2,false),"") | D309: 21362 - D4 - HDieu - PS315 Hoàng Diệu | F309: F - P - DC101918 Nguyễn Bá Cường | G309: =IFNA(VLOOKUP(F309,Driver!A:D,4,false),"") -> 1980698793628880414:XXMGIAegigeHesHcPUQpIcnMCwhigvPUATFrPyRHiqIZqTwmvWiXbUzfDhivxPcl | H309: =IFNA(VLOOKUP(F309,Driver!A:C,3,false),"") -> 85d2de46a91b4045190a | I309: 0.29166667 | J309: 0.78125
A310: =IFNA(VLOOKUP(D310,'Location Table'!A:C,2,false),"") -> de879fd6-4625-11ed-94a6-506b8dbc8dfb | B310: =IFNA(VLOOKUP(F310,Driver!A:C,2,false),"") -> 51b847ba-37cd-11ed-a5f6-506b8dbc8dfb | C310: =IFNA(VLOOKUP(E310,'Location Table'!A:C,2,false),"") | D310: 21362 - D5 - THDao - PS315 Trần Hưng Đạo | F310: F - C - DC100975 Nguyễn Tấn Tài | G310: =IFNA(VLOOKUP(F310,Driver!A:D,4,false),"") -> 1980698793628880414:XXMGIAegigeHesHcPUQpIcnMCwhigvPUATFrPyRHiqIZqTwmvWiXbUzfDhivxPcl | H310: =IFNA(VLOOKUP(F310,Driver!A:C,3,false),"") -> 3d1fec9027dcce8297cd | I310: 0.29166667 | J310: 0.6875
A311: =IFNA(VLOOKUP(D311,'Location Table'!A:C,2,false),"") -> f80a7e92-4625-11ed-8ccf-506b8dbc8dfb | B311: =IFNA(VLOOKUP(F311,Driver!A:C,2,false),"") -> 061bd7aa-35a6-11ed-9426-506b8dbc8dfb | C311: =IFNA(VLOOKUP(E311,'Location Table'!A:C,2,false),"") | D311: 21362 - D6 - BPhu - PS315 Bình Phú | F311: F - P - DC100299 Đỗ Anh Quốc | G311: =IFNA(VLOOKUP(F311,Driver!A:D,4,false),"") -> 2160130926882687325:VSRHFZoYrhhtnecmAaOfmgvaKlfxBZEgxFxSbLPTAhfVwurTuJfQgOTrwyseeqJQ | H311: =IFNA(VLOOKUP(F311,Driver!A:C,3,false),"") -> a6d70e0cd7463e186757 | I311: 0.29166667 | J311: 0.66666667
A312: =IFNA(VLOOKUP(D312,'Location Table'!A:C,2,false),"") -> 0f308a76-4626-11ed-b728-506b8dbc8dfb | B312: =IFNA(VLOOKUP(F312,Driver!A:C,2,false),"") -> 65871f10-7671-11f0-9d16-506b8d982279 | C312: =IFNA(VLOOKUP(E312,'Location Table'!A:C,2,false),"") | D312: 21362 - D7 - HTPhat - PS315 Huỳnh Tấn Phát | F312: F - P - DC101616 Huỳnh Nhật Tân | G312: =IFNA(VLOOKUP(F312,Driver!A:D,4,false),"") -> 2160130926882687325:VSRHFZoYrhhtnecmAaOfmgvaKlfxBZEgxFxSbLPTAhfVwurTuJfQgOTrwyseeqJQ | H312: =IFNA(VLOOKUP(F312,Driver!A:C,3,false),"") -> 03bb8b129d5c74022d4d | I312: 0.29166667 | J312: 0.75
A313: =IFNA(VLOOKUP(D313,'Location Table'!A:C,2,false),"") -> ac6236cc-47b1-11ee-8d67-506b8d9879b5 | B313: =IFNA(VLOOKUP(F313,Driver!A:C,2,false),"") -> 9e9376b6-37c5-11ed-a1d5-506b8dbc8dfb | C313: =IFNA(VLOOKUP(E313,'Location Table'!A:C,2,false),"") | D313: 21362 - D8 - DBTrac - PS315 Dương Bá Trạc | F313: F - P - DC101469 Nguyễn Thanh Hùng | G313: =IFNA(VLOOKUP(F313,Driver!A:D,4,false),"") -> 2160130926882687325:VSRHFZoYrhhtnecmAaOfmgvaKlfxBZEgxFxSbLPTAhfVwurTuJfQgOTrwyseeqJQ | H313: =IFNA(VLOOKUP(F313,Driver!A:C,3,false),"") -> 26f3924da71c4e42170d | I313: 0.29166667 | J313: 0.75
A314: =IFNA(VLOOKUP(D314,'Location Table'!A:C,2,false),"") -> c7fafdda-21f8-11ee-b604-506b8d9879b5 | B314: =IFNA(VLOOKUP(F314,Driver!A:C,2,false),"") -> 232be490-35a4-11ed-88b7-506b8dbc8dfb | C314: =IFNA(VLOOKUP(E314,'Location Table'!A:C,2,false),"") | D314: 21362 - D9 - DXHop - PS315 Đỗ Xuân Hợp | F314: F - P - DC100734 Phan Thanh Nhật | G314: =IFNA(VLOOKUP(F314,Driver!A:D,4,false),"") -> 2160130926882687325:VSRHFZoYrhhtnecmAaOfmgvaKlfxBZEgxFxSbLPTAhfVwurTuJfQgOTrwyseeqJQ | H314: =IFNA(VLOOKUP(F314,Driver!A:C,3,false),"") -> d9fc37dd4093a9cdf082 | I314: 0.29166667 | J314: 0.6875
... A321: =IFNA(VLOOKUP(D321,'Location Table'!A:C,2,false),"") -> c828ca08-32b0-11ee-b9b6-506b8d9879b5 | B321: =IFNA(VLOOKUP(F321,Driver!A:C,2,false),"") -> a2f538f8-37ce-11ed-a5cf-506b8dbc8dfb | C321: =IFNA(VLOOKUP(E321,'Location Table'!A:C,2,false),"") | D321: 21362 - GVap - QTrung - PS315 Quang Trung | F321: F - C - DC100844 Nguyễn Quốc Trung | G321: =IFNA(VLOOKUP(F321,Driver!A:D,4,false),"") -> 2160130926882687325:VSRHFZoYrhhtnecmAaOfmgvaKlfxBZEgxFxSbLPTAhfVwurTuJfQgOTrwyseeqJQ | H321: =IFNA(VLOOKUP(F321,Driver!A:C,3,false),"") -> c0d10f02724a9b14c25b | I321: 0.29166667 | J321: 0.6875
A322: =IFNA(VLOOKUP(D322,'Location Table'!A:C,2,false),"") -> 4dba51fe-e91d-11ef-b1f0-506b8d9879b5 | B322: =IFNA(VLOOKUP(F322,Driver!A:C,2,false),"") -> 717fa61c-3654-11ed-b103-506b8dbc8dfb | C322: =IFNA(VLOOKUP(E322,'Location Table'!A:C,2,false),"") | D322: 21362 - HMon - DTVinh - PS315 Đặng Thúc Vịnh | F322: F - P - DC101166 Nguyễn Quang Trí | G322: =IFNA(VLOOKUP(F322,Driver!A:D,4,false),"") -> 1980698793628880414:XXMGIAegigeHesHcPUQpIcnMCwhigvPUATFrPyRHiqIZqTwmvWiXbUzfDhivxPcl | H322: =IFNA(VLOOKUP(F322,Driver!A:C,3,false),"") -> fbc73b7bb6385f660629 | I322: 0.23958333 | J322: 0.60416667 | K322: 717fa61c-3654-11ed-b103-506b8dbc8dfb,dff693c2-0371-11ee-90bc-506b8dbc8dfb
A323: =IFNA(VLOOKUP(D323,'Location Table'!A:C,2,false),"") -> d312de0c-4627-11ed-a9e7-506b8dbc8dfb | B323: =IFNA(VLOOKUP(F323,Driver!A:C,2,false),"") -> 717fa61c-3654-11ed-b103-506b8dbc8dfb | C323: =IFNA(VLOOKUP(E323,'Location Table'!A:C,2,false),"") | D323: 21362 - HMon - LTHa - PS315 Lê Thị Hà | F323: F - P - DC101166 Nguyễn Quang Trí | G323: =IFNA(VLOOKUP(F323,Driver!A:D,4,false),"") -> 1980698793628880414:XXMGIAegigeHesHcPUQpIcnMCwhigvPUATFrPyRHiqIZqTwmvWiXbUzfDhivxPcl | H323: =IFNA(VLOOKUP(F323,Driver!A:C,3,false),"") -> fbc73b7bb6385f660629 | I323: 0.23958333 | J323: 0.60416667 | K323: 717fa61c-3654-11ed-b103-506b8dbc8dfb,dff693c2-0371-11ee-90bc-506b8dbc8dfb
A324: =IFNA(VLOOKUP(D324,'Location Table'!A:C,2,false),"") -> ed4ce56e-d619-11ee-bf30-506b8d9879b5 | B324: =IFNA(VLOOKUP(F324,Driver!A:C,2,false),"") -> dff693c2-0371-11ee-90bc-506b8dbc8dfb | C324: =IFNA(VLOOKUP(E324,'Location Table'!A:C,2,false),"") | D324: 21362 - HMon - PVHon - PS315 Phan Văn Hớn | F324: F - P - DC101406 Bùi Hiền Anh Kiệt | G324: =IFNA(VLOOKUP(F324,Driver!A:D,4,false),"") -> 2160130926882687325:VSRHFZoYrhhtnecmAaOfmgvaKlfxBZEgxFxSbLPTAhfVwurTuJfQgOTrwyseeqJQ | H324: =IFNA(VLOOKUP(F324,Driver!A:C,3,false),"") -> 402ca9dc1194f8caa185 | I324: 0.23958333 | J324: 0.60416667 | K324: 717fa61c-3654-11ed-b103-506b8dbc8dfb,dff693c2-0371-11ee-90bc-506b8dbc8dfb
A325: =IFNA(VLOOKUP(D325,'Location Table'!A:C,2,false),"") -> 6a2f822a-f578-11ef-a059-506b8d9879b5 | B325: =IFNA(VLOOKUP(F325,Driver!A:C,2,false),"") -> 65871f10-7671-11f0-9d16-506b8d982279 | C325: =IFNA(VLOOKUP(E325,'Location Table'!A:C,2,false),"") | D325: 21362 - NBe - HTPhat - PS315 Huỳnh Tấn Phát | F325: F - P - DC101616 Huỳnh Nhật Tân | G325: =IFNA(VLOOKUP(F325,Driver!A:D,4,false),"") -> 2160130926882687325:VSRHFZoYrhhtnecmAaOfmgvaKlfxBZEgxFxSbLPTAhfVwurTuJfQgOTrwyseeqJQ | H325: =IFNA(VLOOKUP(F325,Driver!A:C,3,false),"") -> 03bb8b129d5c74022d4d | I325: 0.29166667 | J325: 0.75
A326: =IFNA(VLOOKUP(D326,'Location Table'!A:C,2,false),"") -> 3bc054d0-4627-11ed-9e74-506b8dbc8dfb | B326: =IFNA(VLOOKUP(F326,Driver!A:C,2,false),"") -> e3970cec-503e-11f1-9378-fa163ee8d8ac | C326: =IFNA(VLOOKUP(E326,'Location Table'!A:C,2,false),"") | D326: 21362 - PNhuan - PDLuu - PS315 Phan Đăng Lưu | F326: F - C - DC100017 Khưu Tấn Tài | G326: =IFNA(VLOOKUP(F326,Driver!A:D,4,false),"") | H326: =IFNA(VLOOKUP(F326,Driver!A:C,3,false),"") | I326: 0.29166667 | J326: 0.58333333
A327: =IFNA(VLOOKUP(D327,'Location Table'!A:C,2,false),"") -> a1be066c-21f8-11ee-b5fb-506b8d9879b5 | B327: =IFNA(VLOOKUP(F327,Driver!A:C,2,false),"") -> d2c2d39e-11e4-11f1-9378-fa163ee8d8ac | C327: =IFNA(VLOOKUP(E327,'Location Table'!A:C,2,false),"") | D327: 21362 - TBinh - BCat - PS315 Bàu Cát | F327: F - C - DC101924 Nguyễn Tấn Duy | G327: =IFNA(VLOOKUP(F327,Driver!A:D,4,false),"") -> 1980698793628880414:XXMGIAegigeHesHcPUQpIcnMCwhigvPUATFrPyRHiqIZqTwmvWiXbUzfDhivxPcl | H327: =IFNA(VLOOKUP(F327,Driver!A:C,3,false),"") -> 59a2bfce5a81b3dfea90 | I327: 0.29166667 | J327: 0.6875
A328: =IFNA(VLOOKUP(D328,'Location Table'!A:C,2,false),"") -> 1b89cbc6-4d4f-11ee-9f11-506b8d9879b5 | B328: =IFNA(VLOOKUP(F328,Driver!A:C,2,false),"") -> d2c2d39e-11e4-11f1-9378-fa163ee8d8ac | C328: =IFNA(VLOOKUP(E328,'Location Table'!A:C,2,false),"") | D328: 21362 - TBinh - CMT8 - PS315 CMT8 | F328: F - C - DC101924 Nguyễn Tấn Duy | G328: =IFNA(VLOOKUP(F328,Driver!A:D,4,false),"") -> 1980698793628880414:XXMGIAegigeHesHcPUQpIcnMCwhigvPUATFrPyRHiqIZqTwmvWiXbUzfDhivxPcl | H328: =IFNA(VLOOKUP(F328,Driver!A:C,3,false),"") -> 59a2bfce5a81b3dfea90 | I328: 0.29166667 | J328: 0.6875
A329: =IFNA(VLOOKUP(D329,'Location Table'!A:C,2,false),"") -> d538c282-3761-11ef-92b6-506b8d9879b5 | B329: =IFNA(VLOOKUP(F329,Driver!A:C,2,false),"") -> d2c2d39e-11e4-11f1-9378-fa163ee8d8ac | C329: =IFNA(VLOOKUP(E329,'Location Table'!A:C,2,false),"") | D329: 21362 - TBinh - HVThu - PS315 Hoàng Văn Thụ | F329: F - C - DC101924 Nguyễn Tấn Duy | G329: =IFNA(VLOOKUP(F329,Driver!A:D,4,false),"") -> 1980698793628880414:XXMGIAegigeHesHcPUQpIcnMCwhigvPUATFrPyRHiqIZqTwmvWiXbUzfDhivxPcl | H329: =IFNA(VLOOKUP(F329,Driver!A:C,3,false),"") -> 59a2bfce5a81b3dfea90 | I329: 0.29166667 | J329: 0.6875
A330: =IFNA(VLOOKUP(D330,'Location Table'!A:C,2,false),"") -> d04814d6-dc2f-11ee-96ca-506b8d9879b5 | B330: =IFNA(VLOOKUP(F330,Driver!A:C,2,false),"") -> d2c2d39e-11e4-11f1-9378-fa163ee8d8ac | C330: =IFNA(VLOOKUP(E330,'Location Table'!A:C,2,false),"") | D330: 21362 - TBinh - LLQuan - PS315 Lạc Long Quân | F330: F - C - DC101924 Nguyễn Tấn Duy | G330: =IFNA(VLOOKUP(F330,Driver!A:D,4,false),"") -> 1980698793628880414:XXMGIAegigeHesHcPUQpIcnMCwhigvPUATFrPyRHiqIZqTwmvWiXbUzfDhivxPcl | H330: =IFNA(VLOOKUP(F330,Driver!A:C,3,false),"") -> 59a2bfce5a81b3dfea90 | I330: 0.29166667 | J330: 0.6875
A331: =IFNA(VLOOKUP(D331,'Location Table'!A:C,2,false),"") -> 073c12b6-0f63-11ee-837c-506b8dbc8dfb | B331: =IFNA(VLOOKUP(F331,Driver!A:C,2,false),"") -> d2c2d39e-11e4-11f1-9378-fa163ee8d8ac | C331: =IFNA(VLOOKUP(E331,'Location Table'!A:C,2,false),"") | D331: 21362 - TBinh - TChinh - PS315 Trường Chinh | F331: F - C - DC101924 Nguyễn Tấn Duy | G331: =IFNA(VLOOKUP(F331,Driver!A:D,4,false),"") -> 1980698793628880414:XXMGIAegigeHesHcPUQpIcnMCwhigvPUATFrPyRHiqIZqTwmvWiXbUzfDhivxPcl | H331: =IFNA(VLOOKUP(F331,Driver!A:C,3,false),"") -> 59a2bfce5a81b3dfea90 | I331: 0.29166667 | J331: 0.6875
A332: =IFNA(VLOOKUP(D332,'Location Table'!A:C,2,false),"") -> 027cd410-2275-11ef-b4a3-506b8d9879b5 | B332: =IFNA(VLOOKUP(F332,Driver!A:C,2,false),"") -> 232be490-35a4-11ed-88b7-506b8dbc8dfb | C332: =IFNA(VLOOKUP(E332,'Location Table'!A:C,2,false),"") | D332: 21362 - TDuc - HBinh - PS315 Hiệp Bình | F332: F - P - DC100734 Phan Thanh Nhật | G332: =IFNA(VLOOKUP(F332,Driver!A:D,4,false),"") -> 2160130926882687325:VSRHFZoYrhhtnecmAaOfmgvaKlfxBZEgxFxSbLPTAhfVwurTuJfQgOTrwyseeqJQ | H332: =IFNA(VLOOKUP(F332,Driver!A:C,3,false),"") -> d9fc37dd4093a9cdf082 | I332: 0.29166667 | J332: 0.6875
A333: =IFNA(VLOOKUP(D333,'Location Table'!A:C,2,false),"") -> 98465eea-93ea-11ee-9af5-506b8d9879b5 | B333: =IFNA(VLOOKUP(F333,Driver!A:C,2,false),"") -> 232be490-35a4-11ed-88b7-506b8dbc8dfb | C333: =IFNA(VLOOKUP(E333,'Location Table'!A:C,2,false),"") | D333: 21362 - TDuc - KVCan - PS315 Kha Vạn Cân | F333: F - P - DC100734 Phan Thanh Nhật | G333: =IFNA(VLOOKUP(F333,Driver!A:D,4,false),"") -> 2160130926882687325:VSRHFZoYrhhtnecmAaOfmgvaKlfxBZEgxFxSbLPTAhfVwurTuJfQgOTrwyseeqJQ | H333: =IFNA(VLOOKUP(F333,Driver!A:C,3,false),"") -> d9fc37dd4093a9cdf082 | I333: 0.29166667 | J333: 0.6875
A334: =IFNA(VLOOKUP(D334,'Location Table'!A:C,2,false),"") -> be36be84-3528-11f0-89ed-506b8d982279 | B334: =IFNA(VLOOKUP(F334,Driver!A:C,2,false),"") -> f5993946-37cf-11ed-a3fc-506b8dbc8dfb | C334: =IFNA(VLOOKUP(E334,'Location Table'!A:C,2,false),"") | D334: 46651876 - BChanh - DDThien - ND315 Đinh Đức Thiện | F334: F - C - DC100993 Nguyễn Hồng Sơn | G334: =IFNA(VLOOKUP(F334,Driver!A:D,4,false),"") | H334: =IFNA(VLOOKUP(F334,Driver!A:C,3,false),"") | I334: 0.29166667 | J334: 0.6875
A335: =IFNA(VLOOKUP(D335,'Location Table'!A:C,2,false),"") -> a4f0de66-8a3a-11f0-98af-506b8d982279 | B335: =IFNA(VLOOKUP(F335,Driver!A:C,2,false),"") -> f5993946-37cf-11ed-a3fc-506b8dbc8dfb | C335: =IFNA(VLOOKUP(E335,'Location Table'!A:C,2,false),"") | D335: 46651876 - BChanh - NHTri - ND315 Nguyễn Hữu Trí | F335: F - C - DC100993 Nguyễn Hồng Sơn | G335: =IFNA(VLOOKUP(F335,Driver!A:D,4,false),"") | H335: =IFNA(VLOOKUP(F335,Driver!A:C,3,false),"") | I335: 0.29166667 | J335: 0.6875
A336: =IFNA(VLOOKUP(D336,'Location Table'!A:C,2,false),"") -> 5b63341e-4623-11ed-a460-506b8dbc8dfb | B336: =IFNA(VLOOKUP(F336,Driver!A:C,2,false),"") -> 51b847ba-37cd-11ed-a5f6-506b8dbc8dfb | C336: =IFNA(VLOOKUP(E336,'Location Table'!A:C,2,false),"") | D336: 46651876 - BChanh - PHung - ND315 Phạm Hùng | F336: F - C - DC100975 Nguyễn Tấn Tài | G336: =IFNA(VLOOKUP(F336,Driver!A:D,4,false),"") -> 1980698793628880414:XXMGIAegigeHesHcPUQpIcnMCwhigvPUATFrPyRHiqIZqTwmvWiXbUzfDhivxPcl | H336: =IFNA(VLOOKUP(F336,Driver!A:C,3,false),"") -> 3d1fec9027dcce8297cd | I336: 0.29166667 | J336: 0.6875
... A347: =IFNA(VLOOKUP(D347,'Location Table'!A:C,2,false),"") -> cdfd8daa-1736-11ee-9478-506b8d9879b5 | B347: =IFNA(VLOOKUP(F347,Driver!A:C,2,false),"") -> e3970cec-503e-11f1-9378-fa163ee8d8ac | C347: =IFNA(VLOOKUP(E347,'Location Table'!A:C,2,false),"") | D347: 46651876 - BThanh - NXi - ND315 Nguyễn Xí | F347: F - C - DC100017 Khưu Tấn Tài | G347: =IFNA(VLOOKUP(F347,Driver!A:D,4,false),"") | H347: =IFNA(VLOOKUP(F347,Driver!A:C,3,false),"") | I347: 0.29166667 | J347: 0.79166667
A348: =IFNA(VLOOKUP(D348,'Location Table'!A:C,2,false),"") -> 7eade5f2-b5e1-11ee-a194-506b8d9879b5 | B348: =IFNA(VLOOKUP(F348,Driver!A:C,2,false),"") -> 9ba6de4c-37d0-11ed-90bb-506b8dbc8dfb | C348: =IFNA(VLOOKUP(E348,'Location Table'!A:C,2,false),"") | D348: 46651876 - CChi - QL22 - ND315 QL22 | F348: F - P - DC101161 Trần Nguyễn Thanh Duy | G348: =IFNA(VLOOKUP(F348,Driver!A:D,4,false),"") -> 1980698793628880414:XXMGIAegigeHesHcPUQpIcnMCwhigvPUATFrPyRHiqIZqTwmvWiXbUzfDhivxPcl | H348: =IFNA(VLOOKUP(F348,Driver!A:C,3,false),"") -> d0ce770b76499f17c658 | I348: 0.25 | J348: 0.64583333 | K348: 9ba6de4c-37d0-11ed-90bb-506b8dbc8dfb,987568fa-37c7-11ed-aac2-506b8dbc8dfb
A349: =IFNA(VLOOKUP(D349,'Location Table'!A:C,2,false),"") -> 3edbf400-4625-11ed-9c1b-506b8dbc8dfb | B349: =IFNA(VLOOKUP(F349,Driver!A:C,2,false),"") -> 9ba6de4c-37d0-11ed-90bb-506b8dbc8dfb | C349: =IFNA(VLOOKUP(E349,'Location Table'!A:C,2,false),"") | D349: 46651876 - CChi - TL8 - ND315 Tỉnh Lộ 8 | F349: F - P - DC101161 Trần Nguyễn Thanh Duy | G349: =IFNA(VLOOKUP(F349,Driver!A:D,4,false),"") -> 1980698793628880414:XXMGIAegigeHesHcPUQpIcnMCwhigvPUATFrPyRHiqIZqTwmvWiXbUzfDhivxPcl | H349: =IFNA(VLOOKUP(F349,Driver!A:C,3,false),"") -> d0ce770b76499f17c658 | I349: 0.25 | J349: 0.64583333 | K349: 9ba6de4c-37d0-11ed-90bb-506b8dbc8dfb,987568fa-37c7-11ed-aac2-506b8dbc8dfb
A350: =IFNA(VLOOKUP(D350,'Location Table'!A:C,2,false),"") -> 38c9c1aa-4620-11ed-9196-506b8dbc8dfb | B350: =IFNA(VLOOKUP(F350,Driver!A:C,2,false),"") -> a9bf91b4-00e4-11f1-9378-fa163ee8d8ac | C350: =IFNA(VLOOKUP(E350,'Location Table'!A:C,2,false),"") | D350: 46651876 - D10 - THThanh - ND315 Tô Hiến Thành | F350: F - C - DC101907 Nguyễn Trương Hoài Dân | G350: =IFNA(VLOOKUP(F350,Driver!A:D,4,false),"") | H350: =IFNA(VLOOKUP(F350,Driver!A:C,3,false),"") | I350: 0.29166667 | J350: 0.5
A351: =IFNA(VLOOKUP(D351,'Location Table'!A:C,2,false),"") -> 2e371346-21f8-11ee-a792-506b8d9879b5 | B351: =IFNA(VLOOKUP(F351,Driver!A:C,2,false),"") -> 061bd7aa-35a6-11ed-9426-506b8dbc8dfb | C351: =IFNA(VLOOKUP(E351,'Location Table'!A:C,2,false),"") | D351: 46651876 - D11 - MPhung - ND315 Minh Phụng | F351: F - P - DC100299 Đỗ Anh Quốc | G351: =IFNA(VLOOKUP(F351,Driver!A:D,4,false),"") -> 2160130926882687325:VSRHFZoYrhhtnecmAaOfmgvaKlfxBZEgxFxSbLPTAhfVwurTuJfQgOTrwyseeqJQ | H351: =IFNA(VLOOKUP(F351,Driver!A:C,3,false),"") -> a6d70e0cd7463e186757 | I351: 0.29166667 | J351: 0.66666667
A352: =IFNA(VLOOKUP(D352,'Location Table'!A:C,2,false),"") -> 6e28b82a-8c67-11f0-9f5d-506b8d982279 | B352: =IFNA(VLOOKUP(F352,Driver!A:C,2,false),"") -> a2f538f8-37ce-11ed-a5cf-506b8dbc8dfb | C352: =IFNA(VLOOKUP(E352,'Location Table'!A:C,2,false),"") | D352: 46651876 - D12 - DTMuoi - ND315 Dương Thị Mười | F352: F - C - DC100844 Nguyễn Quốc Trung | G352: =IFNA(VLOOKUP(F352,Driver!A:D,4,false),"") -> 2160130926882687325:VSRHFZoYrhhtnecmAaOfmgvaKlfxBZEgxFxSbLPTAhfVwurTuJfQgOTrwyseeqJQ | H352: =IFNA(VLOOKUP(F352,Driver!A:C,3,false),"") -> c0d10f02724a9b14c25b | I352: 0.29166667 | J352: 0.66666667
A353: =IFNA(VLOOKUP(D353,'Location Table'!A:C,2,false),"") -> 08dc27ae-4d84-11ef-ba5f-506b8d9879b5 | B353: =IFNA(VLOOKUP(F353,Driver!A:C,2,false),"") -> a2f538f8-37ce-11ed-a5cf-506b8dbc8dfb | C353: =IFNA(VLOOKUP(E353,'Location Table'!A:C,2,false),"") | D353: 46651876 - D12 - HHGiap - ND315 Hà Huy Giáp | F353: F - C - DC100844 Nguyễn Quốc Trung | G353: =IFNA(VLOOKUP(F353,Driver!A:D,4,false),"") -> 2160130926882687325:VSRHFZoYrhhtnecmAaOfmgvaKlfxBZEgxFxSbLPTAhfVwurTuJfQgOTrwyseeqJQ | H353: =IFNA(VLOOKUP(F353,Driver!A:C,3,false),"") -> c0d10f02724a9b14c25b | I353: 0.29166667 | J353: 0.66666667
A354: =IFNA(VLOOKUP(D354,'Location Table'!A:C,2,false),"") -> c9c4cd62-4620-11ed-a198-506b8dbc8dfb | B354: =IFNA(VLOOKUP(F354,Driver!A:C,2,false),"") -> a2f538f8-37ce-11ed-a5cf-506b8dbc8dfb | C354: =IFNA(VLOOKUP(E354,'Location Table'!A:C,2,false),"") | D354: 46651876 - D12 - LVKhuong - ND315 Lê Văn Khương | F354: F - C - DC100844 Nguyễn Quốc Trung | G354: =IFNA(VLOOKUP(F354,Driver!A:D,4,false),"") -> 2160130926882687325:VSRHFZoYrhhtnecmAaOfmgvaKlfxBZEgxFxSbLPTAhfVwurTuJfQgOTrwyseeqJQ | H354: =IFNA(VLOOKUP(F354,Driver!A:C,3,false),"") -> c0d10f02724a9b14c25b | I354: 0.29166667 | J354: 0.66666667
A355: =IFNA(VLOOKUP(D355,'Location Table'!A:C,2,false),"") -> acdc38c0-4620-11ed-88dd-506b8dbc8dfb | B355: =IFNA(VLOOKUP(F355,Driver!A:C,2,false),"") -> a2f538f8-37ce-11ed-a5cf-506b8dbc8dfb | C355: =IFNA(VLOOKUP(E355,'Location Table'!A:C,2,false),"") | D355: 46651876 - D12 - NAThu - ND315 Nguyễn Ảnh Thủ | F355: F - C - DC100844 Nguyễn Quốc Trung | G355: =IFNA(VLOOKUP(F355,Driver!A:D,4,false),"") -> 2160130926882687325:VSRHFZoYrhhtnecmAaOfmgvaKlfxBZEgxFxSbLPTAhfVwurTuJfQgOTrwyseeqJQ | H355: =IFNA(VLOOKUP(F355,Driver!A:C,3,false),"") -> c0d10f02724a9b14c25b | I355: 0.29166667 | J355: 0.66666667
A356: =IFNA(VLOOKUP(D356,'Location Table'!A:C,2,false),"") -> 7645c48a-4d84-11ef-ad7f-506b8d9879b5 | B356: =IFNA(VLOOKUP(F356,Driver!A:C,2,false),"") -> a2f538f8-37ce-11ed-a5cf-506b8dbc8dfb | C356: =IFNA(VLOOKUP(E356,'Location Table'!A:C,2,false),"") | D356: 46651876 - D12 - NAThu - ND315 Nguyễn Ảnh Thủ 2 | F356: F - C - DC100844 Nguyễn Quốc Trung | G356: =IFNA(VLOOKUP(F356,Driver!A:D,4,false),"") -> 2160130926882687325:VSRHFZoYrhhtnecmAaOfmgvaKlfxBZEgxFxSbLPTAhfVwurTuJfQgOTrwyseeqJQ | H356: =IFNA(VLOOKUP(F356,Driver!A:C,3,false),"") -> c0d10f02724a9b14c25b | I356: 0.29166667 | J356: 0.66666667
A357: =IFNA(VLOOKUP(D357,'Location Table'!A:C,2,false),"") -> a283fb2c-93e2-11ee-958b-506b8d9879b5 | B357: =IFNA(VLOOKUP(F357,Driver!A:C,2,false),"") -> a2f538f8-37ce-11ed-a5cf-506b8dbc8dfb | C357: =IFNA(VLOOKUP(E357,'Location Table'!A:C,2,false),"") | D357: 46651876 - D12 - NVQua - ND315 Nguyễn Văn Quá | F357: F - C - DC100844 Nguyễn Quốc Trung | G357: =IFNA(VLOOKUP(F357,Driver!A:D,4,false),"") -> 2160130926882687325:VSRHFZoYrhhtnecmAaOfmgvaKlfxBZEgxFxSbLPTAhfVwurTuJfQgOTrwyseeqJQ | H357: =IFNA(VLOOKUP(F357,Driver!A:C,3,false),"") -> c0d10f02724a9b14c25b | I357: 0.29166667 | J357: 0.66666667
A358: =IFNA(VLOOKUP(D358,'Location Table'!A:C,2,false),"") -> efaf92da-5588-11f0-88a4-506b8d982279 | B358: =IFNA(VLOOKUP(F358,Driver!A:C,2,false),"") -> a2f538f8-37ce-11ed-a5cf-506b8dbc8dfb | C358: =IFNA(VLOOKUP(E358,'Location Table'!A:C,2,false),"") | D358: 46651876 - D12 - PVHum - ND315 Phan Văn Hùm | F358: F - C - DC100844 Nguyễn Quốc Trung | G358: =IFNA(VLOOKUP(F358,Driver!A:D,4,false),"") -> 2160130926882687325:VSRHFZoYrhhtnecmAaOfmgvaKlfxBZEgxFxSbLPTAhfVwurTuJfQgOTrwyseeqJQ | H358: =IFNA(VLOOKUP(F358,Driver!A:C,3,false),"") -> c0d10f02724a9b14c25b | I358: 0.29166667 | J358: 0.66666667
A359: =IFNA(VLOOKUP(D359,'Location Table'!A:C,2,false),"") -> f622b542-be20-11f0-95e7-506b8d982279 | B359: =IFNA(VLOOKUP(F359,Driver!A:C,2,false),"") -> a2f538f8-37ce-11ed-a5cf-506b8dbc8dfb | C359: =IFNA(VLOOKUP(E359,'Location Table'!A:C,2,false),"") | D359: 46651876 - D12 - TL27 - ND315 TL27 | F359: F - C - DC100844 Nguyễn Quốc Trung | G359: =IFNA(VLOOKUP(F359,Driver!A:D,4,false),"") -> 2160130926882687325:VSRHFZoYrhhtnecmAaOfmgvaKlfxBZEgxFxSbLPTAhfVwurTuJfQgOTrwyseeqJQ | H359: =IFNA(VLOOKUP(F359,Driver!A:C,3,false),"") -> c0d10f02724a9b14c25b | I359: 0.29166667 | J359: 0.66666667
A360: =IFNA(VLOOKUP(D360,'Location Table'!A:C,2,false),"") -> f864d386-461d-11ed-a4b7-506b8dbc8dfb | B360: =IFNA(VLOOKUP(F360,Driver!A:C,2,false),"") -> b74e3178-7caf-11f0-a9c3-506b8d982279 | C360: =IFNA(VLOOKUP(E360,'Location Table'!A:C,2,false),"") | D360: 46651876 - D1 - DTHoang - ND315 Đinh Tiên Hoàng | F360: F - D - DC101765 Trần Minh Nhật | G360: =IFNA(VLOOKUP(F360,Driver!A:D,4,false),"") -> 2160130926882687325:VSRHFZoYrhhtnecmAaOfmgvaKlfxBZEgxFxSbLPTAhfVwurTuJfQgOTrwyseeqJQ | H360: =IFNA(VLOOKUP(F360,Driver!A:C,3,false),"") -> 473ef1d8329bdbc5828a | I360: 0.29166667 | J360: 0.66666667
A361: =IFNA(VLOOKUP(D361,'Location Table'!A:C,2,false),"") -> 66cbf49e-461e-11ed-8092-506b8dbc8dfb | B361: =IFNA(VLOOKUP(F361,Driver!A:C,2,false),"") -> d442fba0-37c6-11ed-ab29-506b8dbc8dfb | C361: =IFNA(VLOOKUP(E361,'Location Table'!A:C,2,false),"") | D361: 46651876 - D3 - TQThao - ND315 Trần Quốc Thảo | F361: F - C - DC100842 Nguyễn Hoàng Phi | G361: =IFNA(VLOOKUP(F361,Driver!A:D,4,false),"") -> 2160130926882687325:VSRHFZoYrhhtnecmAaOfmgvaKlfxBZEgxFxSbLPTAhfVwurTuJfQgOTrwyseeqJQ | H361: =IFNA(VLOOKUP(F361,Driver!A:C,3,false),"") -> c4530791c2db2b8572ca | I361: 0.29166667 | J361: 0.66666667
... A372: =IFNA(VLOOKUP(D372,'Location Table'!A:C,2,false),"") -> b57674f6-4624-11ed-9100-506b8dbc8dfb | B372: =IFNA(VLOOKUP(F372,Driver!A:C,2,false),"") -> 232be490-35a4-11ed-88b7-506b8dbc8dfb | C372: =IFNA(VLOOKUP(E372,'Location Table'!A:C,2,false),"") | D372: 46651876 - D9 - TNPhu - ND315 Tăng Nhơn Phú | F372: F - P - DC100734 Phan Thanh Nhật | G372: =IFNA(VLOOKUP(F372,Driver!A:D,4,false),"") -> 2160130926882687325:VSRHFZoYrhhtnecmAaOfmgvaKlfxBZEgxFxSbLPTAhfVwurTuJfQgOTrwyseeqJQ | H372: =IFNA(VLOOKUP(F372,Driver!A:C,3,false),"") -> d9fc37dd4093a9cdf082 | I372: 0.29166667 | J372: 0.66666667
A373: =IFNA(VLOOKUP(D373,'Location Table'!A:C,2,false),"") -> 79755906-47b1-11ee-a628-506b8d9879b5 | B373: =IFNA(VLOOKUP(F532,Driver!A:C,2,false),"") -> 412f31be-2fc3-11f1-9378-fa163ee8d8ac | C373: =IFNA(VLOOKUP(E373,'Location Table'!A:C,2,false),"") | D373: 46651876 - GVap - LQDinh - ND315 Lê Quang Định | F373: F - C - DC100017 Khưu Tấn Tài | G373: =IFNA(VLOOKUP(F532,Driver!A:D,4,false),"") | H373: =IFNA(VLOOKUP(F532,Driver!A:C,3,false),"") | I373: 0.29166667 | J373: 0.75
A374: =IFNA(VLOOKUP(D374,'Location Table'!A:C,2,false),"") -> dc4c537a-4624-11ed-b116-506b8dbc8dfb | B374: =IFNA(VLOOKUP(F374,Driver!A:C,2,false),"") -> 586fa64a-37d0-11ed-b5ef-506b8dbc8dfb | C374: =IFNA(VLOOKUP(E374,'Location Table'!A:C,2,false),"") | D374: 46651876 - GVap - NOanh - ND315 Nguyễn Oanh | F374: F - P - DC101436 Hầu Lâm Minh Tuấn | G374: =IFNA(VLOOKUP(F374,Driver!A:D,4,false),"") -> 2160130926882687325:VSRHFZoYrhhtnecmAaOfmgvaKlfxBZEgxFxSbLPTAhfVwurTuJfQgOTrwyseeqJQ | H374: =IFNA(VLOOKUP(F374,Driver!A:C,3,false),"") -> cb12ddfaeea707f95eb6 | I374: 0.29166667 | J374: 0.75
A375: =IFNA(VLOOKUP(D375,'Location Table'!A:C,2,false),"") -> cb5e725a-4624-11ed-9796-506b8dbc8dfb | B375: =IFNA(VLOOKUP(F375,Driver!A:C,2,false),"") -> a2f538f8-37ce-11ed-a5cf-506b8dbc8dfb | C375: =IFNA(VLOOKUP(E375,'Location Table'!A:C,2,false),"") | D375: 46651876 - GVap - PVChieu - ND315 Phạm Văn Chiêu | F375: F - C - DC100844 Nguyễn Quốc Trung | G375: =IFNA(VLOOKUP(F375,Driver!A:D,4,false),"") -> 2160130926882687325:VSRHFZoYrhhtnecmAaOfmgvaKlfxBZEgxFxSbLPTAhfVwurTuJfQgOTrwyseeqJQ | H375: =IFNA(VLOOKUP(F375,Driver!A:C,3,false),"") -> c0d10f02724a9b14c25b | I375: 0.29166667 | J375: 0.66666667
A376: =IFNA(VLOOKUP(D376,'Location Table'!A:C,2,false),"") -> a94ef2b0-32b0-11ee-9251-506b8d9879b5 | B376: =IFNA(VLOOKUP(F376,Driver!A:C,2,false),"") -> a2f538f8-37ce-11ed-a5cf-506b8dbc8dfb | C376: =IFNA(VLOOKUP(E376,'Location Table'!A:C,2,false),"") | D376: 46651876 - GVap - QTrung - ND315 Quang Trung | F376: F - C - DC100844 Nguyễn Quốc Trung | G376: =IFNA(VLOOKUP(F376,Driver!A:D,4,false),"") -> 2160130926882687325:VSRHFZoYrhhtnecmAaOfmgvaKlfxBZEgxFxSbLPTAhfVwurTuJfQgOTrwyseeqJQ | H376: =IFNA(VLOOKUP(F376,Driver!A:C,3,false),"") -> c0d10f02724a9b14c25b | I376: 0.29166667 | J376: 0.66666667
A377: =IFNA(VLOOKUP(D377,'Location Table'!A:C,2,false),"") -> 3a2b645e-32b0-11ee-b21d-506b8d9879b5 | B377: =IFNA(VLOOKUP(F377,Driver!A:C,2,false),"") -> a2f538f8-37ce-11ed-a5cf-506b8dbc8dfb | C377: =IFNA(VLOOKUP(E377,'Location Table'!A:C,2,false),"") | D377: 46651876 - GVap - TNhat - ND315 Thống Nhất | F377: F - C - DC100844 Nguyễn Quốc Trung | G377: =IFNA(VLOOKUP(F377,Driver!A:D,4,false),"") -> 2160130926882687325:VSRHFZoYrhhtnecmAaOfmgvaKlfxBZEgxFxSbLPTAhfVwurTuJfQgOTrwyseeqJQ | H377: =IFNA(VLOOKUP(F377,Driver!A:C,3,false),"") -> c0d10f02724a9b14c25b | I377: 0.29166667 | J377: 0.66666667
A378: =IFNA(VLOOKUP(D378,'Location Table'!A:C,2,false),"") -> 16874f0a-c8c2-11ef-aced-506b8d9879b5 | B378: =IFNA(VLOOKUP(F378,Driver!A:C,2,false),"") -> 717fa61c-3654-11ed-b103-506b8dbc8dfb | C378: =IFNA(VLOOKUP(E378,'Location Table'!A:C,2,false),"") | D378: 46651876 - HMon - DTVinh - ND315 Đặng Thúc Vịnh | F378: F - P - DC101166 Nguyễn Quang Trí | G378: =IFNA(VLOOKUP(F378,Driver!A:D,4,false),"") -> 1980698793628880414:XXMGIAegigeHesHcPUQpIcnMCwhigvPUATFrPyRHiqIZqTwmvWiXbUzfDhivxPcl | H378: =IFNA(VLOOKUP(F378,Driver!A:C,3,false),"") -> fbc73b7bb6385f660629 | I378: 0.23958333 | J378: 0.60416667 | K378: 717fa61c-3654-11ed-b103-506b8dbc8dfb,dff693c2-0371-11ee-90bc-506b8dbc8dfb
A379: =IFNA(VLOOKUP(D379,'Location Table'!A:C,2,false),"") -> 1eb8a47a-4625-11ed-a856-506b8dbc8dfb | B379: =IFNA(VLOOKUP(F379,Driver!A:C,2,false),"") -> 717fa61c-3654-11ed-b103-506b8dbc8dfb | C379: =IFNA(VLOOKUP(E379,'Location Table'!A:C,2,false),"") | D379: 46651876 - HMon - LTHa - ND315 Lê Thị Hà | F379: F - P - DC101166 Nguyễn Quang Trí | G379: =IFNA(VLOOKUP(F379,Driver!A:D,4,false),"") -> 1980698793628880414:XXMGIAegigeHesHcPUQpIcnMCwhigvPUATFrPyRHiqIZqTwmvWiXbUzfDhivxPcl | H379: =IFNA(VLOOKUP(F379,Driver!A:C,3,false),"") -> fbc73b7bb6385f660629 | I379: 0.23958333 | J379: 0.60416667 | K379: 717fa61c-3654-11ed-b103-506b8dbc8dfb,dff693c2-0371-11ee-90bc-506b8dbc8dfb
A380: =IFNA(VLOOKUP(D380,'Location Table'!A:C,2,false),"") -> 0b8b3520-4625-11ed-aaa4-506b8dbc8dfb | B380: =IFNA(VLOOKUP(F380,Driver!A:C,2,false),"") -> 717fa61c-3654-11ed-b103-506b8dbc8dfb | C380: =IFNA(VLOOKUP(E380,'Location Table'!A:C,2,false),"") | D380: 46651876 - HMon - LTKiet - ND315 Lý Thường Kiệt | F380: F - P - DC101166 Nguyễn Quang Trí | G380: =IFNA(VLOOKUP(F380,Driver!A:D,4,false),"") -> 1980698793628880414:XXMGIAegigeHesHcPUQpIcnMCwhigvPUATFrPyRHiqIZqTwmvWiXbUzfDhivxPcl | H380: =IFNA(VLOOKUP(F380,Driver!A:C,3,false),"") -> fbc73b7bb6385f660629 | I380: 0.23958333 | J380: 0.60416667 | K380: 717fa61c-3654-11ed-b103-506b8dbc8dfb,dff693c2-0371-11ee-90bc-506b8dbc8dfb
A381: =IFNA(VLOOKUP(D381,'Location Table'!A:C,2,false),"") -> b7e27baa-37fe-11ee-8340-506b8d9879b5 | B381: =IFNA(VLOOKUP(F381,Driver!A:C,2,false),"") -> dff693c2-0371-11ee-90bc-506b8dbc8dfb | C381: =IFNA(VLOOKUP(E381,'Location Table'!A:C,2,false),"") | D381: 46651876 - HMon - PVHon - ND315 Phan Văn Hớn | F381: F - P - DC101406 Bùi Hiền Anh Kiệt | G381: =IFNA(VLOOKUP(F381,Driver!A:D,4,false),"") -> 2160130926882687325:VSRHFZoYrhhtnecmAaOfmgvaKlfxBZEgxFxSbLPTAhfVwurTuJfQgOTrwyseeqJQ | H381: =IFNA(VLOOKUP(F381,Driver!A:C,3,false),"") -> 402ca9dc1194f8caa185 | I381: 0.23958333 | J381: 0.60416667 | K381: 717fa61c-3654-11ed-b103-506b8dbc8dfb,dff693c2-0371-11ee-90bc-506b8dbc8dfb
A382: =IFNA(VLOOKUP(D382,'Location Table'!A:C,2,false),"") -> 2da9c09a-4625-11ed-bd6e-506b8dbc8dfb | B382: =IFNA(VLOOKUP(F382,Driver!A:C,2,false),"") -> 717fa61c-3654-11ed-b103-506b8dbc8dfb | C382: =IFNA(VLOOKUP(E382,'Location Table'!A:C,2,false),"") | D382: 46651876 - HMon - TKy - ND315 Tô Ký | F382: F - P - DC101166 Nguyễn Quang Trí | G382: =IFNA(VLOOKUP(F382,Driver!A:D,4,false),"") -> 1980698793628880414:XXMGIAegigeHesHcPUQpIcnMCwhigvPUATFrPyRHiqIZqTwmvWiXbUzfDhivxPcl | H382: =IFNA(VLOOKUP(F382,Driver!A:C,3,false),"") -> fbc73b7bb6385f660629 | I382: 0.23958333 | J382: 0.60416667 | K382: 717fa61c-3654-11ed-b103-506b8dbc8dfb,dff693c2-0371-11ee-90bc-506b8dbc8dfb
A383: =IFNA(VLOOKUP(D383,'Location Table'!A:C,2,false),"") -> b275e594-511e-11f1-9378-fa163ee8d8ac | B383: =IFNA(VLOOKUP(F383,Driver!A:C,2,false),"") -> 65871f10-7671-11f0-9d16-506b8d982279 | C383: =IFNA(VLOOKUP(E383,'Location Table'!A:C,2,false),"") | D383: 46651876 - NBe - HTPhat - ND315 Huỳnh Tấn Phát | F383: F - P - DC101616 Huỳnh Nhật Tân | G383: =IFNA(VLOOKUP(F383,Driver!A:D,4,false),"") -> 2160130926882687325:VSRHFZoYrhhtnecmAaOfmgvaKlfxBZEgxFxSbLPTAhfVwurTuJfQgOTrwyseeqJQ | H383: =IFNA(VLOOKUP(F383,Driver!A:C,3,false),"") -> 03bb8b129d5c74022d4d | I383: 0.29166667 | J383: 0.75
A384: =IFNA(VLOOKUP(D384,'Location Table'!A:C,2,false),"") -> dc1cec40-ef44-11ef-b4d7-506b8d9879b5 | B384: =IFNA(VLOOKUP(F384,Driver!A:C,2,false),"") -> 103090f4-37c8-11ed-9333-506b8dbc8dfb | C384: =IFNA(VLOOKUP(E384,'Location Table'!A:C,2,false),"") | D384: 46651876 - NBe - LVLuong - ND315 Lê Văn Lương | F384: F - C - DC100786 Vương Đình Minh Quang | G384: =IFNA(VLOOKUP(F384,Driver!A:D,4,false),"") -> 2160130926882687325:VSRHFZoYrhhtnecmAaOfmgvaKlfxBZEgxFxSbLPTAhfVwurTuJfQgOTrwyseeqJQ | H384: =IFNA(VLOOKUP(F384,Driver!A:C,3,false),"") -> 77085b30147bfd25a46a | I384: 0.29166667 | J384: 0.85416667
A385: =IFNA(VLOOKUP(D385,'Location Table'!A:C,2,false),"") -> 13f99116-21f8-11ee-87d0-506b8d9879b5 | B385: =IFNA(VLOOKUP(F385,Driver!A:C,2,false),"") -> e3970cec-503e-11f1-9378-fa163ee8d8ac | C385: =IFNA(VLOOKUP(E385,'Location Table'!A:C,2,false),"") | D385: 46651876 - PNhuan - LVSy - ND315 Lê Văn Sỹ | F385: F - C - DC100017 Khưu Tấn Tài | G385: =IFNA(VLOOKUP(F385,Driver!A:D,4,false),"") | H385: =IFNA(VLOOKUP(F385,Driver!A:C,3,false),"") | I385: 0.29166667 | J385: 0.58333333
A386: =IFNA(VLOOKUP(D386,'Location Table'!A:C,2,false),"") -> eb0acfc0-47b0-11ee-9a76-506b8d9879b5 | B386: =IFNA(VLOOKUP(F386,Driver!A:C,2,false),"") -> e3970cec-503e-11f1-9378-fa163ee8d8ac | C386: =IFNA(VLOOKUP(E386,'Location Table'!A:C,2,false),"") | D386: 46651876 - PNhuan - PDLuu - ND315 Phan Đăng Lưu | F386: F - C - DC100017 Khưu Tấn Tài | G386: =IFNA(VLOOKUP(F386,Driver!A:D,4,false),"") | H386: =IFNA(VLOOKUP(F386,Driver!A:C,3,false),"") | I386: 0.29166667 | J386: 0.58333333
A387: =IFNA(VLOOKUP(D387,'Location Table'!A:C,2,false),"") -> f936c402-4d4e-11ee-b7b9-506b8d9879b5 | B387: =IFNA(VLOOKUP(F387,Driver!A:C,2,false),"") -> d2c2d39e-11e4-11f1-9378-fa163ee8d8ac | C387: =IFNA(VLOOKUP(E387,'Location Table'!A:C,2,false),"") | D387: 46651876 - TBinh - CMT8 - ND315 CMT8 | F387: F - C - DC101924 Nguyễn Tấn Duy | G387: =IFNA(VLOOKUP(F387,Driver!A:D,4,false),"") -> 1980698793628880414:XXMGIAegigeHesHcPUQpIcnMCwhigvPUATFrPyRHiqIZqTwmvWiXbUzfDhivxPcl | H387: =IFNA(VLOOKUP(F387,Driver!A:C,3,false),"") -> 59a2bfce5a81b3dfea90 | I387: 0.29166667 | J387: 0.6875
A388: =IFNA(VLOOKUP(D388,'Location Table'!A:C,2,false),"") -> 90798798-454c-11ed-b675-506b8dbc8dfb | B388: =IFNA(VLOOKUP(F388,Driver!A:C,2,false),"") -> d2c2d39e-11e4-11f1-9378-fa163ee8d8ac | C388: =IFNA(VLOOKUP(E388,'Location Table'!A:C,2,false),"") | D388: 46651876 - TBinh - DDen - ND315 Đồng Đen | F388: F - C - DC101924 Nguyễn Tấn Duy | G388: =IFNA(VLOOKUP(F388,Driver!A:D,4,false),"") -> 1980698793628880414:XXMGIAegigeHesHcPUQpIcnMCwhigvPUATFrPyRHiqIZqTwmvWiXbUzfDhivxPcl | H388: =IFNA(VLOOKUP(F388,Driver!A:C,3,false),"") -> 59a2bfce5a81b3dfea90 | I388: 0.29166667 | J388: 0.6875
A389: =IFNA(VLOOKUP(D389,'Location Table'!A:C,2,false),"") -> 87b6cc22-a916-11ee-9507-506b8d9879b5 | B389: =IFNA(VLOOKUP(F389,Driver!A:C,2,false),"") -> d2c2d39e-11e4-11f1-9378-fa163ee8d8ac | C389: =IFNA(VLOOKUP(E389,'Location Table'!A:C,2,false),"") | D389: 46651876 - TBinh - LLQuan - ND315 Lạc Long Quân | F389: F - C - DC101924 Nguyễn Tấn Duy | G389: =IFNA(VLOOKUP(F389,Driver!A:D,4,false),"") -> 1980698793628880414:XXMGIAegigeHesHcPUQpIcnMCwhigvPUATFrPyRHiqIZqTwmvWiXbUzfDhivxPcl | H389: =IFNA(VLOOKUP(F389,Driver!A:C,3,false),"") -> 59a2bfce5a81b3dfea90 | I389: 0.29166667 | J389: 0.6875
A390: =IFNA(VLOOKUP(D390,'Location Table'!A:C,2,false),"") -> 1dbb8184-4ac4-11ed-8962-506b8dbc8dfb | B390: =IFNA(VLOOKUP(F390,Driver!A:C,2,false),"") -> c34fdbc2-ea4c-11ed-a5e2-506b8dbc8dfb | C390: =IFNA(VLOOKUP(E390,'Location Table'!A:C,2,false),"") | D390: 46651876 - TBinh - NTNho - ND315 Nguyễn Thị Nhỏ | F390: F - P - DC101326 Trần Thanh Thái Bảo | G390: =IFNA(VLOOKUP(F390,Driver!A:D,4,false),"") -> 1980698793628880414:XXMGIAegigeHesHcPUQpIcnMCwhigvPUATFrPyRHiqIZqTwmvWiXbUzfDhivxPcl | H390: =IFNA(VLOOKUP(F390,Driver!A:C,3,false),"") -> 671c6e0f3741de1f8750 | I390: 0.29166667 | J390: 0.79166667
A391: =IFNA(VLOOKUP(D391,'Location Table'!A:C,2,false),"") -> 543998ac-f753-11ef-ab07-506b8d9879b5 | B391: =IFNA(VLOOKUP(F391,Driver!A:C,2,false),"") -> a2f538f8-37ce-11ed-a5cf-506b8dbc8dfb | C391: =IFNA(VLOOKUP(E391,'Location Table'!A:C,2,false),"") | D391: 46651876 - TBinh - PHIch - ND315 Phan Huy Ích | F391: F - C - DC100844 Nguyễn Quốc Trung | G391: =IFNA(VLOOKUP(F391,Driver!A:D,4,false),"") -> 2160130926882687325:VSRHFZoYrhhtnecmAaOfmgvaKlfxBZEgxFxSbLPTAhfVwurTuJfQgOTrwyseeqJQ | H391: =IFNA(VLOOKUP(F391,Driver!A:C,3,false),"") -> c0d10f02724a9b14c25b | I391: 0.29166667 | J391: 0.66666667
A392: =IFNA(VLOOKUP(D392,'Location Table'!A:C,2,false),"") -> ed7827b2-4621-11ed-9c75-506b8dbc8dfb | B392: =IFNA(VLOOKUP(F392,Driver!A:C,2,false),"") -> d2c2d39e-11e4-11f1-9378-fa163ee8d8ac | C392: =IFNA(VLOOKUP(E392,'Location Table'!A:C,2,false),"") | D392: 46651876 - TBinh - TChinh - ND315 Trường Chinh | F392: F - C - DC101924 Nguyễn Tấn Duy | G392: =IFNA(VLOOKUP(F392,Driver!A:D,4,false),"") -> 1980698793628880414:XXMGIAegigeHesHcPUQpIcnMCwhigvPUATFrPyRHiqIZqTwmvWiXbUzfDhivxPcl | H392: =IFNA(VLOOKUP(F392,Driver!A:C,3,false),"") -> 59a2bfce5a81b3dfea90 | I392: 0.29166667 | J392: 0.6875
A393: =IFNA(VLOOKUP(D393,'Location Table'!A:C,2,false),"") -> 4f7acefe-4624-11ed-8c39-506b8dbc8dfb | B393: =IFNA(VLOOKUP(F393,Driver!A:C,2,false),"") -> 232be490-35a4-11ed-88b7-506b8dbc8dfb | C393: =IFNA(VLOOKUP(E393,'Location Table'!A:C,2,false),"") | D393: 46651876 - TDuc - HBinh - ND315 Hiệp Bình | F393: F - P - DC100734 Phan Thanh Nhật | G393: =IFNA(VLOOKUP(F393,Driver!A:D,4,false),"") -> 2160130926882687325:VSRHFZoYrhhtnecmAaOfmgvaKlfxBZEgxFxSbLPTAhfVwurTuJfQgOTrwyseeqJQ | H393: =IFNA(VLOOKUP(F393,Driver!A:C,3,false),"") -> d9fc37dd4093a9cdf082 | I393: 0.29166667 | J393: 0.66666667
A394: =IFNA(VLOOKUP(D394,'Location Table'!A:C,2,false),"") -> 6b207712-4624-11ed-ace2-506b8dbc8dfb | B394: =IFNA(VLOOKUP(F394,Driver!A:C,2,false),"") -> 232be490-35a4-11ed-88b7-506b8dbc8dfb | C394: =IFNA(VLOOKUP(E394,'Location Table'!A:C,2,false),"") | D394: 46651876 - TDuc - KVCan - ND315 Kha Vạn Cân | F394: F - P - DC100734 Phan Thanh Nhật | G394: =IFNA(VLOOKUP(F394,Driver!A:D,4,false),"") -> 2160130926882687325:VSRHFZoYrhhtnecmAaOfmgvaKlfxBZEgxFxSbLPTAhfVwurTuJfQgOTrwyseeqJQ | H394: =IFNA(VLOOKUP(F394,Driver!A:C,3,false),"") -> d9fc37dd4093a9cdf082 | I394: 0.29166667 | J394: 0.66666667
... A402: =IFNA(VLOOKUP(D402,'Location Table'!A:C,2,false),"") -> e4c438d6-27bb-11ef-b969-506b8d9879b5 | B402: =IFNA(VLOOKUP(F402,Driver!A:C,2,false),"") -> a2f538f8-37ce-11ed-a5cf-506b8dbc8dfb | C402: =IFNA(VLOOKUP(E402,'Location Table'!A:C,2,false),"") | D402: 21361 - GVap - LDTho - TM315 Lê Đức Thọ | F402: F - C - DC100844 Nguyễn Quốc Trung | G402: =IFNA(VLOOKUP(F402,Driver!A:D,4,false),"") -> 2160130926882687325:VSRHFZoYrhhtnecmAaOfmgvaKlfxBZEgxFxSbLPTAhfVwurTuJfQgOTrwyseeqJQ | H402: =IFNA(VLOOKUP(F402,Driver!A:C,3,false),"") -> c0d10f02724a9b14c25b | I402: 0.29166667 | J402: 0.66666667
A403: =IFNA(VLOOKUP(D403,'Location Table'!A:C,2,false),"") -> b615381e-a3c7-11ee-9343-506b8d9879b5 | B403: =IFNA(VLOOKUP(F403,Driver!A:C,2,false),"") -> dff693c2-0371-11ee-90bc-506b8dbc8dfb | C403: =IFNA(VLOOKUP(E403,'Location Table'!A:C,2,false),"") | D403: 21361 - HMon - PVHon - LK315 Phan Văn Hớn | F403: F - P - DC101406 Bùi Hiền Anh Kiệt | G403: =IFNA(VLOOKUP(F403,Driver!A:D,4,false),"") -> 2160130926882687325:VSRHFZoYrhhtnecmAaOfmgvaKlfxBZEgxFxSbLPTAhfVwurTuJfQgOTrwyseeqJQ | H403: =IFNA(VLOOKUP(F403,Driver!A:C,3,false),"") -> 402ca9dc1194f8caa185 | I403: 0.23958333 | J403: 0.60416667 | K403: 717fa61c-3654-11ed-b103-506b8dbc8dfb,dff693c2-0371-11ee-90bc-506b8dbc8dfb
A404: =IFNA(VLOOKUP(D404,'Location Table'!A:C,2,false),"") -> f88dfab6-b522-11ee-bb52-506b8d9879b5 | B404: =IFNA(VLOOKUP(F404,Driver!A:C,2,false),"") -> 222b5bca-37cf-11ed-bee5-506b8dbc8dfb | C404: =IFNA(VLOOKUP(E404,'Location Table'!A:C,2,false),"") | D404: 20210 - D3 - VVTan - Charis Healthcare Clinic | F404: F - P - DC101573 Lưu Nguyễn Bảo Long | G404: =IFNA(VLOOKUP(F404,Driver!A:D,4,false),"") -> 1980698793628880414:XXMGIAegigeHesHcPUQpIcnMCwhigvPUATFrPyRHiqIZqTwmvWiXbUzfDhivxPcl | H404: =IFNA(VLOOKUP(F404,Driver!A:C,3,false),"") -> a258dbc5a48f4dd1149e | I404: 0.29166667 | J404: 0.45833333
A405: =IFNA(VLOOKUP(D405,'Location Table'!A:C,2,false),"") -> 974045e8-717f-11ee-b588-506b8d9879b5 | B405: =IFNA(VLOOKUP(F405,Driver!A:C,2,false),"") -> 9e9376b6-37c5-11ed-a1d5-506b8dbc8dfb | C405: =IFNA(VLOOKUP(E405,'Location Table'!A:C,2,false),"") | D405: 43828275 - BChanh - 9 - Bệnh Viện Đa Khoa Nam Sài Gòn | F405: F - P - DC101469 Nguyễn Thanh Hùng | G405: =IFNA(VLOOKUP(F405,Driver!A:D,4,false),"") -> 2160130926882687325:VSRHFZoYrhhtnecmAaOfmgvaKlfxBZEgxFxSbLPTAhfVwurTuJfQgOTrwyseeqJQ | H405: =IFNA(VLOOKUP(F405,Driver!A:C,3,false),"") -> 26f3924da71c4e42170d | I405: 0.29166667 | J405: 0.75
A406: =IFNA(VLOOKUP(D406,'Location Table'!A:C,2,false),"") -> b9c5ae90-0731-11ee-a942-506b8dbc8dfb | B406: =IFNA(VLOOKUP(F406,Driver!A:C,2,false),"") -> 353f3686-dcc8-11f0-82b8-506b8d982279 | C406: =IFNA(VLOOKUP(E406,'Location Table'!A:C,2,false),"") | D406: 41011572 - D11 - TKhai - Medilab | F406: F - P - DC101876 Trịnh Ngọc Sơn | G406: =IFNA(VLOOKUP(F406,Driver!A:D,4,false),"") -> 2160130926882687325:VSRHFZoYrhhtnecmAaOfmgvaKlfxBZEgxFxSbLPTAhfVwurTuJfQgOTrwyseeqJQ | H406: =IFNA(VLOOKUP(F406,Driver!A:C,3,false),"") -> e7ce6d37cc7f25217c6e | I406: 0.29166667 | J406: 0.75
A407: =IFNA(VLOOKUP(D407,'Location Table'!A:C,2,false),"") -> e02a09a6-ea13-11f0-baeb-506b8d982279 | B407: =IFNA(VLOOKUP(F407,Driver!A:C,2,false),"") -> 353f3686-dcc8-11f0-82b8-506b8d982279 | C407: =IFNA(VLOOKUP(E407,'Location Table'!A:C,2,false),"") | D407: 46672702 - D11 - 5 - Bệnh viện đa khoa Lãnh Binh Thăng | F407: F - P - DC101876 Trịnh Ngọc Sơn | G407: =IFNA(VLOOKUP(F407,Driver!A:D,4,false),"") -> 2160130926882687325:VSRHFZoYrhhtnecmAaOfmgvaKlfxBZEgxFxSbLPTAhfVwurTuJfQgOTrwyseeqJQ | H407: =IFNA(VLOOKUP(F407,Driver!A:C,3,false),"") -> e7ce6d37cc7f25217c6e | I407: 0.29166667 | J407: 0.75
A408: =IFNA(VLOOKUP(D408,'Location Table'!A:C,2,false),"") -> 831f639e-9999-11ef-b44e-506b8d9879b5 | B408: =IFNA(VLOOKUP(F408,Driver!A:C,2,false),"") -> b74e3178-7caf-11f0-a9c3-506b8d982279 | C408: =IFNA(VLOOKUP(E408,'Location Table'!A:C,2,false),"") | D408: 21666 - BThanh - D5 - Nha khoa Cửu Vân | F408: F - D - DC101765 Trần Minh Nhật | G408: =IFNA(VLOOKUP(F408,Driver!A:D,4,false),"") -> 2160130926882687325:VSRHFZoYrhhtnecmAaOfmgvaKlfxBZEgxFxSbLPTAhfVwurTuJfQgOTrwyseeqJQ | H408: =IFNA(VLOOKUP(F408,Driver!A:C,3,false),"") -> 473ef1d8329bdbc5828a | I408: 0.29166667 | J408: 0.66666667
A409: =IFNA(VLOOKUP(D409,'Location Table'!A:C,2,false),"") -> d28c2b68-87b7-11ef-9468-506b8d9879b5 | B409: =IFNA(VLOOKUP(F409,Driver!A:C,2,false),"") -> aa436cae-e9f3-11ef-bd94-506b8d9879b5 | C409: =IFNA(VLOOKUP(E409,'Location Table'!A:C,2,false),"") | D409: 18771 - TAn - 1A - PKĐK Tân Khánh | F409: P - P - PT101589 Trần Minh Long | G409: =IFNA(VLOOKUP(F409,Driver!A:D,4,false),"") -> 1980698793628880414:XXMGIAegigeHesHcPUQpIcnMCwhigvPUATFrPyRHiqIZqTwmvWiXbUzfDhivxPcl | H409: =IFNA(VLOOKUP(F409,Driver!A:C,3,false),"") -> f07b253084796d273468 | I409: 0.29166667 | J409: 0.41666667
A410: =IFNA(VLOOKUP(D410,'Location Table'!A:C,2,false),"") -> 69604404-7f9c-11ee-ac0e-506b8d9879b5 | B410: =IFNA(VLOOKUP(F410,Driver!A:C,2,false),"") -> a5947f58-7342-11f0-a217-506b8d982279 | C410: =IFNA(VLOOKUP(E410,'Location Table'!A:C,2,false),"") | D410: 17004 - TAn - NTTruc - Bs Dương Thị Kim Khuyến | F410: F - P - DC101216 Trần Hữu Vinh | G410: =IFNA(VLOOKUP(F410,Driver!A:D,4,false),"") -> 1980698793628880414:XXMGIAegigeHesHcPUQpIcnMCwhigvPUATFrPyRHiqIZqTwmvWiXbUzfDhivxPcl | H410: =IFNA(VLOOKUP(F410,Driver!A:C,3,false),"") -> 92652419354ddc13855c | I410: 0.29166667 | J410: 0.41666667
A411: =IFNA(VLOOKUP(D411,'Location Table'!A:C,2,false),"") -> 8da5fd32-1bea-11ef-a915-506b8d9879b5 | B411: =IFNA(VLOOKUP(F411,Driver!A:C,2,false),"") -> 353f3686-dcc8-11f0-82b8-506b8d982279 | C411: =IFNA(VLOOKUP(E411,'Location Table'!A:C,2,false),"") | D411: 20873 - D11 - NCThanh - BV ĐA KHOA ISHII SÀI GÒN | F411: F - P - DC101876 Trịnh Ngọc Sơn | G411: =IFNA(VLOOKUP(F411,Driver!A:D,4,false),"") -> 2160130926882687325:VSRHFZoYrhhtnecmAaOfmgvaKlfxBZEgxFxSbLPTAhfVwurTuJfQgOTrwyseeqJQ | H411: =IFNA(VLOOKUP(F411,Driver!A:C,3,false),"") -> e7ce6d37cc7f25217c6e | I411: 0.29166667 | J411: 0.75
A412: =IFNA(VLOOKUP(D412,'Location Table'!A:C,2,false),"") -> ba7452ba-50d1-11f0-a00e-506b8d982279 | B412: =IFNA(VLOOKUP(F412,Driver!A:C,2,false),"") -> 222b5bca-37cf-11ed-bee5-506b8dbc8dfb | C412: =IFNA(VLOOKUP(E412,'Location Table'!A:C,2,false),"") | D412: 21778 - D10 - TDao - Phòng Khám Đa Khoa CARDIO | F412: F - P - DC101573 Lưu Nguyễn Bảo Long | G412: =IFNA(VLOOKUP(F412,Driver!A:D,4,false),"") -> 1980698793628880414:XXMGIAegigeHesHcPUQpIcnMCwhigvPUATFrPyRHiqIZqTwmvWiXbUzfDhivxPcl | H412: =IFNA(VLOOKUP(F412,Driver!A:C,3,false),"") -> a258dbc5a48f4dd1149e | I412: 0.29166667 | J412: 0.33333333
A413: =IFNA(VLOOKUP(D413,'Location Table'!A:C,2,false),"") -> d98568e2-c9ad-11f0-8c1e-506b8d982279 | B413: =IFNA(VLOOKUP(F413,Driver!A:C,2,false),"") -> 51b847ba-37cd-11ed-a5f6-506b8dbc8dfb | C413: =IFNA(VLOOKUP(E413,'Location Table'!A:C,2,false),"") | D413: 23579 - D5 - PHuu - Bệnh viện Năm Anh | F413: F - C - DC100975 Nguyễn Tấn Tài | G413: =IFNA(VLOOKUP(F413,Driver!A:D,4,false),"") -> 1980698793628880414:XXMGIAegigeHesHcPUQpIcnMCwhigvPUATFrPyRHiqIZqTwmvWiXbUzfDhivxPcl | H413: =IFNA(VLOOKUP(F413,Driver!A:C,3,false),"") -> 3d1fec9027dcce8297cd | I413: 0.29166667 | J413: 0.66666667
A414: =IFNA(VLOOKUP(D414,'Location Table'!A:C,2,false),"") -> e05dd2f2-befa-11f0-a698-506b8d982279 | B414: =IFNA(VLOOKUP(F414,Driver!A:C,2,false),"") -> 51b847ba-37cd-11ed-a5f6-506b8dbc8dfb | C414: =IFNA(VLOOKUP(E414,'Location Table'!A:C,2,false),"") | D414: 23579 - D5 - LHPhong - BV Năm Anh | F414: F - C - DC100975 Nguyễn Tấn Tài | G414: =IFNA(VLOOKUP(F414,Driver!A:D,4,false),"") -> 1980698793628880414:XXMGIAegigeHesHcPUQpIcnMCwhigvPUATFrPyRHiqIZqTwmvWiXbUzfDhivxPcl | H414: =IFNA(VLOOKUP(F414,Driver!A:C,3,false),"") -> 3d1fec9027dcce8297cd | I414: 0.29166667 | J414: 0.66666667
A415: =IFNA(VLOOKUP(D415,'Location Table'!A:C,2,false),"") -> 3a019f18-8590-11f0-83a8-506b8d982279 | B415: =IFNA(VLOOKUP(F415,Driver!A:C,2,false),"") -> ee94ca62-729f-11f0-8cd5-506b8d982279 | C415: =IFNA(VLOOKUP(E415,'Location Table'!A:C,2,false),"") | D415: 23579 - DAn - TNhat - Bệnh Viện Đa Khoa Năm Anh | F415: F - P - DC101247 Phan Thành Được | G415: =IFNA(VLOOKUP(F415,Driver!A:D,4,false),"") -> 1980698793628880414:XXMGIAegigeHesHcPUQpIcnMCwhigvPUATFrPyRHiqIZqTwmvWiXbUzfDhivxPcl | H415: =IFNA(VLOOKUP(F415,Driver!A:C,3,false),"") -> f4d2e910814c6812315d | I415: 0.29166667 | J415: 0.75
... A525: =IFNA(VLOOKUP(D525,'Location Table'!A:C,2,false),"") -> 29c1bb04-4a08-11ed-9d26-506b8dbc8dfb | B525: =IFNA(VLOOKUP(F525,Driver!A:C,2,false),"") -> f3cef536-7671-11f0-84d2-506b8d982279 | C525: =IFNA(VLOOKUP(E525,'Location Table'!A:C,2,false),"") | D525: 55074012 - TD1 - LHPhong - Trần Thị Minh Nguyệt | F525: F - C - DC101201 Nguyễn Hữu Quỳnh | G525: =IFNA(VLOOKUP(F525,Driver!A:D,4,false),"") | H525: =IFNA(VLOOKUP(F525,Driver!A:C,3,false),"") | I525: 0.45833333 | J525: 0.82291667
A526: =IFNA(VLOOKUP(D526,'Location Table'!A:C,2,false),"") -> 29c1bb04-4a08-11ed-9d26-506b8dbc8dfb | B526: =IFNA(VLOOKUP(F526,Driver!A:C,2,false),"") -> f3cef536-7671-11f0-84d2-506b8d982279 | C526: =IFNA(VLOOKUP(E526,'Location Table'!A:C,2,false),"") -> debfa9a0-3d81-11ed-9ba7-506b8dbc8dfb | D526: 55074012 - TD1 - LHPhong - Trần Thị Minh Nguyệt | E526: BRA - D007 | F526: F - C - DC101201 Nguyễn Hữu Quỳnh | G526: =IFNA(VLOOKUP(F526,Driver!A:D,4,false),"") | H526: =IFNA(VLOOKUP(F526,Driver!A:C,3,false),"") | I526: 0.82291667 | J526: 0.875
...

Sheet 3PL
A1: psc-tinh | B1: 3pl | C1: 3pl_uuid | D1: address
A2: BRA - D023 | B2: 3PL - HOM1 - Q1 | C2: =IFNA(VLOOKUP(B2,'Location Table'!A:C,2,false),"") -> dde21b8c-446e-11ed-bbd7-506b8dbc8dfb | D2: =IFNA(VLOOKUP(B2,'Location Table'!A:C,3,false),"") -> Bến xe Hoa Mai, 93 Nguyễn Thái Bình, Phường Nguyễn Thái Bình, Quận 1, Thành phố Hồ Chí Minh
A3: BRA - D023 | B3: 3PL - HOM2 - Q5 | C3: =IFNA(VLOOKUP(B3,'Location Table'!A:C,2,false),"") -> a4773c76-1cdc-11f0-9c7f-506b8d982279 | D3: =IFNA(VLOOKUP(B3,'Location Table'!A:C,3,false),"") -> Bến xe Hoa Mai, 275 Đ. Hùng Vương, Phường 9, Quận 5, Hồ Chí Minh
A4: BRA - D023 | B4: 3PL - TOT1 - Q1 | C4: =IFNA(VLOOKUP(B4,'Location Table'!A:C,2,false),"") -> 0d9b0456-446f-11ed-863f-506b8dbc8dfb | D4: =IFNA(VLOOKUP(B4,'Location Table'!A:C,3,false),"") -> Bến xe Toàn Thắng 21 Nguyễn Thái Bình, Phường Nguyễn Thái Bình, Bến Thành, Hồ Chí Minh
A5: BRA - D023 | B5: 3PL - TOT3 - Q5 | C5: =IFNA(VLOOKUP(B5,'Location Table'!A:C,2,false),"") -> af520b90-1736-11f0-8c50-506b8d982279 | D5: =IFNA(VLOOKUP(B5,'Location Table'!A:C,3,false),"") -> Bến xe Toàn Thắng 312 Trần Phú, Phường 7, Quận 5, Hồ Chí Minh
A6: BRA - D021 | B6: 3PL - TLT | C6: =IFNA(VLOOKUP(B6,'Location Table'!A:C,2,false),"") -> 3082e5f8-5eb6-11ee-9a38-506b8d9879b5 | D6: =IFNA(VLOOKUP(B6,'Location Table'!A:C,3,false),"") -> Bến xe Tân Lập Thành 84 Hùng Vương, Phường 9, Quận 5, Thành phố Hồ Chí Minh
A7: BRA - D030 | B7: 3PL - THB | C7: =IFNA(VLOOKUP(B7,'Location Table'!A:C,2,false),"") -> e9fca07c-446e-11ed-bd02-506b8dbc8dfb | D7: =IFNA(VLOOKUP(B7,'Location Table'!A:C,3,false),"") -> Bến xe Thành Bưởi 266 Lê Hồng Phong, Phường 4, Quận 5, Thành phố Hồ Chí Minh
A8: BRA - D036 | B8: 3PL - TLT | C8: =IFNA(VLOOKUP(B8,'Location Table'!A:C,2,false),"") -> 3082e5f8-5eb6-11ee-9a38-506b8d9879b5 | D8: =IFNA(VLOOKUP(B8,'Location Table'!A:C,3,false),"") -> Bến xe Tân Lập Thành 84 Hùng Vương, Phường 9, Quận 5, Thành phố Hồ Chí Minh
C9: =IFNA(VLOOKUP(B9,'Location Table'!A:C,2,false),"") | D9: =IFNA(VLOOKUP(B9,'Location Table'!A:C,3,false),"")
C10: =IFNA(VLOOKUP(B10,'Location Table'!A:C,2,false),"") | D10: =IFNA(VLOOKUP(B10,'Location Table'!A:C,3,false),"")
C11: =IFNA(VLOOKUP(B11,'Location Table'!A:C,2,false),"") | D11: =IFNA(VLOOKUP(B11,'Location Table'!A:C,3,false),"")
C12: =IFNA(VLOOKUP(B12,'Location Table'!A:C,2,false),"") | D12: =IFNA(VLOOKUP(B12,'Location Table'!A:C,3,false),"")

Sheet config_sun
A1: customer_id | B1: driver_id | C1: alt_drop_off_id | D1: Điểm Pick-up | E1: Điểm Drop-off thay thế | F1: Driver | G1: bot_token | H1: chat_id | I1: shift_start | J1: shift_end
A2: d4fa76f4-b95a-11f0-be92-506b8d982279 | B2: =IFNA(VLOOKUP(F2,Driver!A:C,2,false),"") -> 8094d712-0f78-11f0-b96d-506b8d982279 | C2: =IFNA(VLOOKUP(E2,'Location Table'!A:C,2,false),"") | D2: 10000 - D10 - CMT8 - Test Julie | F2: Nguyễn Thành Long | G2: 1980698793628880414:XXMGIAegigeHesHcPUQpIcnMCwhigvPUATFrPyRHiqIZqTwmvWiXbUzfDhivxPcl | H2: =IFNA(VLOOKUP(F2,Driver!A:C,3,false),"") | I2: 0.29166667 | J2: 0.66666667
A3: =IFNA(VLOOKUP(D3,'Location Table'!A:C,2,false),"") -> 7fefc6d4-4539-11ed-94b3-506b8dbc8dfb | B3: =IFNA(VLOOKUP(F3,Driver!A:C,2,false),"") -> 7898dd6c-816d-11f0-9f34-506b8d982279 | C3: =IFNA(VLOOKUP(E3,'Location Table'!A:C,2,false),"") | D3: 10232 - BHoa - VTSau - PKĐK Tâm An | F3: F - P - DC101785 Nguyễn Quốc Cường | G3: 1980698793628880414:XXMGIAegigeHesHcPUQpIcnMCwhigvPUATFrPyRHiqIZqTwmvWiXbUzfDhivxPcl | H3: =IFNA(VLOOKUP(F3,Driver!A:C,3,false),"") -> 011b70c8f4801dde4491 | I3: 0.29166667 | J3: 0.66666667
A4: =IFNA(VLOOKUP(D4,'Location Table'!A:C,2,false),"") -> 84d326dc-4543-11ed-a50a-506b8dbc8dfb | B4: =IFNA(VLOOKUP(F4,Driver!A:C,2,false),"") -> 7898dd6c-816d-11f0-9f34-506b8d982279 | C4: =IFNA(VLOOKUP(E4,'Location Table'!A:C,2,false),"") | D4: 10281 - BHoa - DVTron - Kien Clinic | F4: F - P - DC101785 Nguyễn Quốc Cường | G4: 1980698793628880414:XXMGIAegigeHesHcPUQpIcnMCwhigvPUATFrPyRHiqIZqTwmvWiXbUzfDhivxPcl | H4: =IFNA(VLOOKUP(F4,Driver!A:C,3,false),"") -> 011b70c8f4801dde4491 | I4: 0.29166667 | J4: 0.66666667
A5: =IFNA(VLOOKUP(D5,'Location Table'!A:C,2,false),"") -> 6e14d1d4-11de-11ef-9e30-506b8d9879b5 | B5: =IFNA(VLOOKUP(F5,Driver!A:C,2,false),"") -> 7898dd6c-816d-11f0-9f34-506b8d982279 | C5: =IFNA(VLOOKUP(E5,'Location Table'!A:C,2,false),"") | D5: 10304 - BHoa - 30/4 - Nguyễn Trần Tố Nữ Yến Nhi | F5: F - P - DC101785 Nguyễn Quốc Cường | G5: 1980698793628880414:XXMGIAegigeHesHcPUQpIcnMCwhigvPUATFrPyRHiqIZqTwmvWiXbUzfDhivxPcl | H5: =IFNA(VLOOKUP(F5,Driver!A:C,3,false),"") -> 011b70c8f4801dde4491 | I5: 0.29166667 | J5: 0.66666667
A6: =IFNA(VLOOKUP(D6,'Location Table'!A:C,2,false),"") -> 61af27cc-8aad-11ee-b551-506b8d9879b5 | B6: =IFNA(VLOOKUP(F6,Driver!A:C,2,false),"") -> 7898dd6c-816d-11f0-9f34-506b8d982279 | C6: =IFNA(VLOOKUP(E6,'Location Table'!A:C,2,false),"") | D6: 10323 - BHoa - DKhoi - Phạm Thị Thu Thảo | F6: F - P - DC101785 Nguyễn Quốc Cường | G6: 1980698793628880414:XXMGIAegigeHesHcPUQpIcnMCwhigvPUATFrPyRHiqIZqTwmvWiXbUzfDhivxPcl | H6: =IFNA(VLOOKUP(F6,Driver!A:C,3,false),"") -> 011b70c8f4801dde4491 | I6: 0.29166667 | J6: 0.66666667
A7: =IFNA(VLOOKUP(D7,'Location Table'!A:C,2,false),"") -> 41126efc-4349-11ef-8430-506b8d9879b5 | B7: =IFNA(VLOOKUP(F7,Driver!A:C,2,false),"") -> 7898dd6c-816d-11f0-9f34-506b8d982279 | C7: =IFNA(VLOOKUP(E7,'Location Table'!A:C,2,false),"") | D7: 10405 - BHoa - VTSau - Trần Viết Hợi | F7: F - P - DC101785 Nguyễn Quốc Cường | G7: 1980698793628880414:XXMGIAegigeHesHcPUQpIcnMCwhigvPUATFrPyRHiqIZqTwmvWiXbUzfDhivxPcl | H7: =IFNA(VLOOKUP(F7,Driver!A:C,3,false),"") -> 011b70c8f4801dde4491 | I7: 0.29166667 | J7: 0.66666667
A8: =IFNA(VLOOKUP(D8,'Location Table'!A:C,2,false),"") -> 4f07dccc-9ce9-11f0-99fb-506b8d982279 | B8: =IFNA(VLOOKUP(F8,Driver!A:C,2,false),"") -> 7898dd6c-816d-11f0-9f34-506b8d982279 | C8: =IFNA(VLOOKUP(E8,'Location Table'!A:C,2,false),"") | D8: 10877 - BHoa - NAQuoc - Nguyễn Thị Anh Ngân | F8: F - P - DC101785 Nguyễn Quốc Cường | G8: 1980698793628880414:XXMGIAegigeHesHcPUQpIcnMCwhigvPUATFrPyRHiqIZqTwmvWiXbUzfDhivxPcl | H8: =IFNA(VLOOKUP(F8,Driver!A:C,3,false),"") -> 011b70c8f4801dde4491 | I8: 0.29166667 | J8: 0.66666667
A9: =IFNA(VLOOKUP(D9,'Location Table'!A:C,2,false),"") -> f036056c-8a92-11ee-b9a1-506b8d9879b5 | B9: =IFNA(VLOOKUP(F9,Driver!A:C,2,false),"") -> 7898dd6c-816d-11f0-9f34-506b8d982279 | C9: =IFNA(VLOOKUP(E9,'Location Table'!A:C,2,false),"") | D9: 11628 - BHoa - DKhoi - Nguyễn Thị Hoàng Yến | F9: F - P - DC101785 Nguyễn Quốc Cường | G9: 1980698793628880414:XXMGIAegigeHesHcPUQpIcnMCwhigvPUATFrPyRHiqIZqTwmvWiXbUzfDhivxPcl | H9: =IFNA(VLOOKUP(F9,Driver!A:C,3,false),"") -> 011b70c8f4801dde4491 | I9: 0.29166667 | J9: 0.66666667
A10: =IFNA(VLOOKUP(D10,'Location Table'!A:C,2,false),"") -> 230eb4e2-a57d-11ef-a7db-506b8d9879b5 | B10: =IFNA(VLOOKUP(F10,Driver!A:C,2,false),"") -> 7898dd6c-816d-11f0-9f34-506b8d982279 | C10: =IFNA(VLOOKUP(E10,'Location Table'!A:C,2,false),"") | D10: 11704 - BHoa - DKhoi - Đồng Khắc Sơn | F10: F - P - DC101785 Nguyễn Quốc Cường | G10: 1980698793628880414:XXMGIAegigeHesHcPUQpIcnMCwhigvPUATFrPyRHiqIZqTwmvWiXbUzfDhivxPcl | H10: =IFNA(VLOOKUP(F10,Driver!A:C,3,false),"") -> 011b70c8f4801dde4491 | I10: 0.29166667 | J10: 0.66666667
A11: =IFNA(VLOOKUP(D11,'Location Table'!A:C,2,false),"") -> f5c156fc-11b7-11ee-a03b-506b8dbc8dfb | B11: =IFNA(VLOOKUP(F11,Driver!A:C,2,false),"") -> 7898dd6c-816d-11f0-9f34-506b8d982279 | C11: =IFNA(VLOOKUP(E11,'Location Table'!A:C,2,false),"") | D11: 11704 - BHoa - LBinh - Đồng Khắc Sơn | F11: F - P - DC101785 Nguyễn Quốc Cường | G11: 1980698793628880414:XXMGIAegigeHesHcPUQpIcnMCwhigvPUATFrPyRHiqIZqTwmvWiXbUzfDhivxPcl | H11: =IFNA(VLOOKUP(F11,Driver!A:C,3,false),"") -> 011b70c8f4801dde4491 | I11: 0.29166667 | J11: 0.66666667
A12: =IFNA(VLOOKUP(D12,'Location Table'!A:C,2,false),"") -> 3999a980-0f35-11ef-b000-506b8d9879b5 | B12: =IFNA(VLOOKUP(F12,Driver!A:C,2,false),"") -> 7898dd6c-816d-11f0-9f34-506b8d982279 | C12: =IFNA(VLOOKUP(E12,'Location Table'!A:C,2,false),"") | D12: 11752 - BHoa - F3 - Nguyễn Kim Sơn | F12: F - P - DC101785 Nguyễn Quốc Cường | G12: 1980698793628880414:XXMGIAegigeHesHcPUQpIcnMCwhigvPUATFrPyRHiqIZqTwmvWiXbUzfDhivxPcl | H12: =IFNA(VLOOKUP(F12,Driver!A:C,3,false),"") -> 011b70c8f4801dde4491 | I12: 0.29166667 | J12: 0.66666667
A13: =IFNA(VLOOKUP(D13,'Location Table'!A:C,2,false),"") -> d6fca2e0-513f-11ee-8a83-506b8d9879b5 | B13: =IFNA(VLOOKUP(F13,Driver!A:C,2,false),"") -> 7898dd6c-816d-11f0-9f34-506b8d982279 | C13: =IFNA(VLOOKUP(E13,'Location Table'!A:C,2,false),"") | D13: 11888 - BHoa - DVTron - Quách Thị Thu Hiền | F13: F - P - DC101785 Nguyễn Quốc Cường | G13: 1980698793628880414:XXMGIAegigeHesHcPUQpIcnMCwhigvPUATFrPyRHiqIZqTwmvWiXbUzfDhivxPcl | H13: =IFNA(VLOOKUP(F13,Driver!A:C,3,false),"") -> 011b70c8f4801dde4491 | I13: 0.29166667 | J13: 0.66666667
A14: =IFNA(VLOOKUP(D14,'Location Table'!A:C,2,false),"") -> 8741aed2-0d86-11ee-bea3-506b8dbc8dfb | B14: =IFNA(VLOOKUP(F14,Driver!A:C,2,false),"") -> 7898dd6c-816d-11f0-9f34-506b8d982279 | C14: =IFNA(VLOOKUP(E14,'Location Table'!A:C,2,false),"") | D14: 11957 - BHoa - BHNghia - BS. Phan Văn Trọng | F14: F - P - DC101785 Nguyễn Quốc Cường | G14: 1980698793628880414:XXMGIAegigeHesHcPUQpIcnMCwhigvPUATFrPyRHiqIZqTwmvWiXbUzfDhivxPcl | H14: =IFNA(VLOOKUP(F14,Driver!A:C,3,false),"") -> 011b70c8f4801dde4491 | I14: 0.29166667 | J14: 0.66666667
... A562: =IFNA(VLOOKUP(D562,'Location Table'!A:C,2,false),"") -> d8610906-8140-11ee-abb7-506b8d9879b5 | B562: =IFNA(VLOOKUP(F562,Driver!A:C,2,false),"") -> feb9afca-fcce-11f0-9378-fa163ee8d8ac | C562: =IFNA(VLOOKUP(E562,'Location Table'!A:C,2,false),"") | D562: 46651876 - BTan - HHLam - ND315 Hồ Học Lãm | F562: P - P - PT101695 Nguyễn Minh Đạt | G562: 1980698793628880414:XXMGIAegigeHesHcPUQpIcnMCwhigvPUATFrPyRHiqIZqTwmvWiXbUzfDhivxPcl | H562: =IFNA(VLOOKUP(F562,Driver!A:C,3,false),"") | I562: 0.6875 | J562: 0.79166667
A563: =IFNA(VLOOKUP(D563,'Location Table'!A:C,2,false),"") -> 0d517404-4621-11ed-8c7f-506b8dbc8dfb | B563: =IFNA(VLOOKUP(F563,Driver!A:C,2,false),"") -> feb9afca-fcce-11f0-9378-fa163ee8d8ac | C563: =IFNA(VLOOKUP(E563,'Location Table'!A:C,2,false),"") -> c4f51f56-1ba8-11f1-9378-fa163ee8d8ac | D563: 46651876 - BTan - LVQuoi - ND315 Lê Văn Quới | E563: BRA - D005 | F563: P - P - PT101695 Nguyễn Minh Đạt | G563: 1980698793628880414:XXMGIAegigeHesHcPUQpIcnMCwhigvPUATFrPyRHiqIZqTwmvWiXbUzfDhivxPcl | H563: =IFNA(VLOOKUP(F563,Driver!A:C,3,false),"") | I563: 0.75 | J563: 0.79166667
A564: =IFNA(VLOOKUP(D564,'Location Table'!A:C,2,false),"") -> 8a866508-0a7d-11ee-9b14-506b8dbc8dfb | B564: =IFNA(VLOOKUP(F564,Driver!A:C,2,false),"") -> f5993946-37cf-11ed-a3fc-506b8dbc8dfb | C564: =IFNA(VLOOKUP(E564,'Location Table'!A:C,2,false),"") | D564: 46651876 - BTan - NTTu - ND315 Nguyễn Thị Tú | F564: F - C - DC100993 Nguyễn Hồng Sơn | G564: 1980698793628880414:XXMGIAegigeHesHcPUQpIcnMCwhigvPUATFrPyRHiqIZqTwmvWiXbUzfDhivxPcl | H564: =IFNA(VLOOKUP(F564,Driver!A:C,3,false),"") | I564: 0.75 | J564: 0.79166667
A565: =IFNA(VLOOKUP(D565,'Location Table'!A:C,2,false),"") -> 46bb67d6-4621-11ed-908d-506b8dbc8dfb | B565: =IFNA(VLOOKUP(F565,Driver!A:C,2,false),"") -> feb9afca-fcce-11f0-9378-fa163ee8d8ac | C565: =IFNA(VLOOKUP(E565,'Location Table'!A:C,2,false),"") | D565: 46651876 - BTan - TL10 - ND315 Tỉnh Lộ 10 | F565: P - P - PT101695 Nguyễn Minh Đạt | G565: 1980698793628880414:XXMGIAegigeHesHcPUQpIcnMCwhigvPUATFrPyRHiqIZqTwmvWiXbUzfDhivxPcl | H565: =IFNA(VLOOKUP(F565,Driver!A:C,3,false),"") | I565: 0.6875 | J565: 0.79166667
A566: =IFNA(VLOOKUP(D566,'Location Table'!A:C,2,false),"") -> 9575b00e-ba9f-11ee-86c0-506b8d9879b5 | B566: =IFNA(VLOOKUP(F566,Driver!A:C,2,false),"") -> feb9afca-fcce-11f0-9378-fa163ee8d8ac | C566: =IFNA(VLOOKUP(E566,'Location Table'!A:C,2,false),"") | D566: 46651876 - BTan - TLan - ND315 Tây Lân | F566: P - P - PT101695 Nguyễn Minh Đạt | G566: 1980698793628880414:XXMGIAegigeHesHcPUQpIcnMCwhigvPUATFrPyRHiqIZqTwmvWiXbUzfDhivxPcl | H566: =IFNA(VLOOKUP(F566,Driver!A:C,3,false),"") | I566: 0.6875 | J566: 0.79166667
A567: =IFNA(VLOOKUP(D567,'Location Table'!A:C,2,false),"") -> 31d94d60-4621-11ed-a164-506b8dbc8dfb | B567: =IFNA(VLOOKUP(F567,Driver!A:C,2,false),"") -> feb9afca-fcce-11f0-9378-fa163ee8d8ac | C567: =IFNA(VLOOKUP(E567,'Location Table'!A:C,2,false),"") | D567: 46651876 - BTan - TLua - ND315 14 Tên Lửa | F567: P - P - PT101695 Nguyễn Minh Đạt | G567: 1980698793628880414:XXMGIAegigeHesHcPUQpIcnMCwhigvPUATFrPyRHiqIZqTwmvWiXbUzfDhivxPcl | H567: =IFNA(VLOOKUP(F567,Driver!A:C,3,false),"") | I567: 0.6875 | J567: 0.79166667
A568: =IFNA(VLOOKUP(D568,'Location Table'!A:C,2,false),"") -> f9b7b020-4620-11ed-a3ea-506b8dbc8dfb | B568: =IFNA(VLOOKUP(F568,Driver!A:C,2,false),"") -> feb9afca-fcce-11f0-9378-fa163ee8d8ac | C568: =IFNA(VLOOKUP(E568,'Location Table'!A:C,2,false),"") | D568: 46651876 - BTan - TLua - ND315 294 Tên Lửa | F568: P - P - PT101695 Nguyễn Minh Đạt | G568: 1980698793628880414:XXMGIAegigeHesHcPUQpIcnMCwhigvPUATFrPyRHiqIZqTwmvWiXbUzfDhivxPcl | H568: =IFNA(VLOOKUP(F568,Driver!A:C,3,false),"") | I568: 0.6875 | J568: 0.79166667
A569: =IFNA(VLOOKUP(D569,'Location Table'!A:C,2,false),"") -> b15b569a-447e-11ed-98ce-506b8dbc8dfb | B569: =IFNA(VLOOKUP(F569,Driver!A:C,2,false),"") -> c1149922-ecea-11ef-a670-506b8d9879b5 | C569: =IFNA(VLOOKUP(E569,'Location Table'!A:C,2,false),"") | D569: 46651876 - BThanh - BDang - ND315 Bạch Đằng | F569: P - C - PT101574 Lê Hoàng Anh Duy | G569: 1980698793628880414:XXMGIAegigeHesHcPUQpIcnMCwhigvPUATFrPyRHiqIZqTwmvWiXbUzfDhivxPcl | H569: =IFNA(VLOOKUP(F569,Driver!A:C,3,false),"") | I569: 0.66666667 | J569: 0.79166667
A570: =IFNA(VLOOKUP(D570,'Location Table'!A:C,2,false),"") -> 38c9c1aa-4620-11ed-9196-506b8dbc8dfb | B570: =IFNA(VLOOKUP(F570,Driver!A:C,2,false),"") -> f61678a4-3656-11ed-9310-506b8dbc8dfb | C570: =IFNA(VLOOKUP(E570,'Location Table'!A:C,2,false),"") | D570: 46651876 - D10 - THThanh - ND315 Tô Hiến Thành | F570: F - C - DC100697 Tạ Ngọc Hiền | G570: 1980698793628880414:XXMGIAegigeHesHcPUQpIcnMCwhigvPUATFrPyRHiqIZqTwmvWiXbUzfDhivxPcl | H570: =IFNA(VLOOKUP(F570,Driver!A:C,3,false),"") -> 551b71e8ffa616f84fb7 | I570: 0.5 | J570: 0.79166667
A571: =IFNA(VLOOKUP(D571,'Location Table'!A:C,2,false),"") -> 2e371346-21f8-11ee-a792-506b8d9879b5 | B571: =IFNA(VLOOKUP(F571,Driver!A:C,2,false),"") -> feb9afca-fcce-11f0-9378-fa163ee8d8ac | C571: =IFNA(VLOOKUP(E571,'Location Table'!A:C,2,false),"") | D571: 46651876 - D11 - MPhung - ND315 Minh Phụng | F571: P - P - PT101695 Nguyễn Minh Đạt | G571: 1980698793628880414:XXMGIAegigeHesHcPUQpIcnMCwhigvPUATFrPyRHiqIZqTwmvWiXbUzfDhivxPcl | H571: =IFNA(VLOOKUP(F571,Driver!A:C,3,false),"") | I571: 0.66666667 | J571: 0.79166667
A572: =IFNA(VLOOKUP(D572,'Location Table'!A:C,2,false),"") -> 6e28b82a-8c67-11f0-9f5d-506b8d982279 | B572: =IFNA(VLOOKUP(F572,Driver!A:C,2,false),"") -> 443c5016-3017-11ee-a6b5-506b8d9879b5 | C572: =IFNA(VLOOKUP(E572,'Location Table'!A:C,2,false),"") | D572: 46651876 - D12 - DTMuoi - ND315 Dương Thị Mười | F572: P - C - PT101275 Phan Thanh Phương | G572: 1980698793628880414:XXMGIAegigeHesHcPUQpIcnMCwhigvPUATFrPyRHiqIZqTwmvWiXbUzfDhivxPcl | H572: =IFNA(VLOOKUP(F572,Driver!A:C,3,false),"") -> 430767465e0cb752ee1d | I572: 0.66666667 | J572: 0.79166667
A573: =IFNA(VLOOKUP(D573,'Location Table'!A:C,2,false),"") -> 08dc27ae-4d84-11ef-ba5f-506b8d9879b5 | B573: =IFNA(VLOOKUP(F573,Driver!A:C,2,false),"") -> 443c5016-3017-11ee-a6b5-506b8d9879b5 | C573: =IFNA(VLOOKUP(E573,'Location Table'!A:C,2,false),"") | D573: 46651876 - D12 - HHGiap - ND315 Hà Huy Giáp | F573: P - C - PT101275 Phan Thanh Phương | G573: 1980698793628880414:XXMGIAegigeHesHcPUQpIcnMCwhigvPUATFrPyRHiqIZqTwmvWiXbUzfDhivxPcl | H573: =IFNA(VLOOKUP(F573,Driver!A:C,3,false),"") -> 430767465e0cb752ee1d | I573: 0.66666667 | J573: 0.79166667
A574: =IFNA(VLOOKUP(D574,'Location Table'!A:C,2,false),"") -> c9c4cd62-4620-11ed-a198-506b8dbc8dfb | B574: =IFNA(VLOOKUP(F574,Driver!A:C,2,false),"") -> 443c5016-3017-11ee-a6b5-506b8d9879b5 | C574: =IFNA(VLOOKUP(E574,'Location Table'!A:C,2,false),"") | D574: 46651876 - D12 - LVKhuong - ND315 Lê Văn Khương | F574: P - C - PT101275 Phan Thanh Phương | G574: 1980698793628880414:XXMGIAegigeHesHcPUQpIcnMCwhigvPUATFrPyRHiqIZqTwmvWiXbUzfDhivxPcl | H574: =IFNA(VLOOKUP(F574,Driver!A:C,3,false),"") -> 430767465e0cb752ee1d | I574: 0.66666667 | J574: 0.79166667
A575: =IFNA(VLOOKUP(D575,'Location Table'!A:C,2,false),"") -> acdc38c0-4620-11ed-88dd-506b8dbc8dfb | B575: =IFNA(VLOOKUP(F575,Driver!A:C,2,false),"") -> 443c5016-3017-11ee-a6b5-506b8d9879b5 | C575: =IFNA(VLOOKUP(E575,'Location Table'!A:C,2,false),"") | D575: 46651876 - D12 - NAThu - ND315 Nguyễn Ảnh Thủ | F575: P - C - PT101275 Phan Thanh Phương | G575: 1980698793628880414:XXMGIAegigeHesHcPUQpIcnMCwhigvPUATFrPyRHiqIZqTwmvWiXbUzfDhivxPcl | H575: =IFNA(VLOOKUP(F575,Driver!A:C,3,false),"") -> 430767465e0cb752ee1d | I575: 0.66666667 | J575: 0.79166667
... A605: =IFNA(VLOOKUP(D605,'Location Table'!A:C,2,false),"") -> 724b7d56-a0ab-11ee-bfe2-506b8d9879b5 | B605: =IFNA(VLOOKUP(F605,Driver!A:C,2,false),"") -> 4e1ad614-6cdb-11ef-807b-506b8d9879b5 | C605: =IFNA(VLOOKUP(E605,'Location Table'!A:C,2,false),"") | D605: 21361 - BChanh - QL50 - TM315 QL50 | F605: F - P - DC101648 Nguyễn Tấn Phát | G605: 1980698793628880414:XXMGIAegigeHesHcPUQpIcnMCwhigvPUATFrPyRHiqIZqTwmvWiXbUzfDhivxPcl | H605: =IFNA(VLOOKUP(F605,Driver!A:C,3,false),"") -> 65a6581b624a8b14d25b | I605: 0.66666667 | J605: 0.77083333
A606: =IFNA(VLOOKUP(D606,'Location Table'!A:C,2,false),"") -> b52b729a-2449-11ee-8a70-506b8d9879b5 | B606: =IFNA(VLOOKUP(F606,Driver!A:C,2,false),"") -> feb9afca-fcce-11f0-9378-fa163ee8d8ac | C606: =IFNA(VLOOKUP(E606,'Location Table'!A:C,2,false),"") -> c4f51f56-1ba8-11f1-9378-fa163ee8d8ac | D606: 21361 - BTan - LVQuoi - LK315 Lê Văn Quới | E606: BRA - D005 | F606: P - P - PT101695 Nguyễn Minh Đạt | G606: 1980698793628880414:XXMGIAegigeHesHcPUQpIcnMCwhigvPUATFrPyRHiqIZqTwmvWiXbUzfDhivxPcl | H606: =IFNA(VLOOKUP(F606,Driver!A:C,3,false),"") | I606: 0.75 | J606: 0.79166667
A607: =IFNA(VLOOKUP(D607,'Location Table'!A:C,2,false),"") -> 74ba6576-270f-11ef-ae03-506b8d9879b5 | B607: =IFNA(VLOOKUP(F607,Driver!A:C,2,false),"") -> f61678a4-3656-11ed-9310-506b8dbc8dfb | C607: =IFNA(VLOOKUP(E607,'Location Table'!A:C,2,false),"") | D607: 21361 - D10 - THThanh - TM315 Tô Hiến Thành | F607: F - C - DC100697 Tạ Ngọc Hiền | G607: 1980698793628880414:XXMGIAegigeHesHcPUQpIcnMCwhigvPUATFrPyRHiqIZqTwmvWiXbUzfDhivxPcl | H607: =IFNA(VLOOKUP(F607,Driver!A:C,3,false),"") -> 551b71e8ffa616f84fb7 | I607: 0.5 | J607: 0.79166667
A608: =IFNA(VLOOKUP(D608,'Location Table'!A:C,2,false),"") -> a1370236-312d-11ee-9841-506b8d9879b5 | B608: =IFNA(VLOOKUP(F608,Driver!A:C,2,false),"") -> 443c5016-3017-11ee-a6b5-506b8d9879b5 | C608: =IFNA(VLOOKUP(E608,'Location Table'!A:C,2,false),"") | D608: 21361 - D12 - NAThu - LK315 Nguyễn Ảnh Thủ | F608: P - C - PT101275 Phan Thanh Phương | G608: 1980698793628880414:XXMGIAegigeHesHcPUQpIcnMCwhigvPUATFrPyRHiqIZqTwmvWiXbUzfDhivxPcl | H608: =IFNA(VLOOKUP(F608,Driver!A:C,3,false),"") -> 430767465e0cb752ee1d | I608: 0.66666667 | J608: 0.79166667
A609: =IFNA(VLOOKUP(D609,'Location Table'!A:C,2,false),"") -> 3d99ca00-54a0-11ef-92b7-506b8d9879b5 | B609: =IFNA(VLOOKUP(F609,Driver!A:C,2,false),"") -> 443c5016-3017-11ee-a6b5-506b8d9879b5 | C609: =IFNA(VLOOKUP(E609,'Location Table'!A:C,2,false),"") | D609: 21361 - D12 - NVQua - TM315 Nguyễn Văn Quá | F609: P - C - PT101275 Phan Thanh Phương | G609: 1980698793628880414:XXMGIAegigeHesHcPUQpIcnMCwhigvPUATFrPyRHiqIZqTwmvWiXbUzfDhivxPcl | H609: =IFNA(VLOOKUP(F609,Driver!A:C,3,false),"") -> 430767465e0cb752ee1d | I609: 0.66666667 | J609: 0.79166667
A610: =IFNA(VLOOKUP(D610,'Location Table'!A:C,2,false),"") -> a44407ce-7bed-11ef-b6a7-506b8d9879b5 | B610: =IFNA(VLOOKUP(F610,Driver!A:C,2,false),"") -> af57dfcc-782d-11f0-b407-506b8d982279 | C610: =IFNA(VLOOKUP(E610,'Location Table'!A:C,2,false),"") | D610: 21361 - D9 - LVViet - TM315 Lê Văn Việt | F610: P - P - PT101278 Phan Thanh Nhật | G610: 1980698793628880414:XXMGIAegigeHesHcPUQpIcnMCwhigvPUATFrPyRHiqIZqTwmvWiXbUzfDhivxPcl | H610: =IFNA(VLOOKUP(F610,Driver!A:C,3,false),"") -> d9fc37dd4093a9cdf082 | I610: 0.66666667 | J610: 0.79166667
A611: =IFNA(VLOOKUP(D611,'Location Table'!A:C,2,false),"") -> e4c438d6-27bb-11ef-b969-506b8d9879b5 | B611: =IFNA(VLOOKUP(F611,Driver!A:C,2,false),"") -> 443c5016-3017-11ee-a6b5-506b8d9879b5 | C611: =IFNA(VLOOKUP(E611,'Location Table'!A:C,2,false),"") | D611: 21361 - GVap - LDTho - TM315 Lê Đức Thọ | F611: P - C - PT101275 Phan Thanh Phương | G611: 1980698793628880414:XXMGIAegigeHesHcPUQpIcnMCwhigvPUATFrPyRHiqIZqTwmvWiXbUzfDhivxPcl | H611: =IFNA(VLOOKUP(F611,Driver!A:C,3,false),"") -> 430767465e0cb752ee1d | I611: 0.66666667 | J611: 0.79166667
A612: =IFNA(VLOOKUP(D612,'Location Table'!A:C,2,false),"") -> b615381e-a3c7-11ee-9343-506b8d9879b5 | B612: =IFNA(VLOOKUP(F612,Driver!A:C,2,false),"") -> 02d08390-37cf-11ed-865f-506b8dbc8dfb | C612: =IFNA(VLOOKUP(E612,'Location Table'!A:C,2,false),"") | D612: 21361 - HMon - PVHon - LK315 Phan Văn Hớn | F612: P - P - PT101125 Lưu Minh | G612: 1980698793628880414:XXMGIAegigeHesHcPUQpIcnMCwhigvPUATFrPyRHiqIZqTwmvWiXbUzfDhivxPcl | H612: =IFNA(VLOOKUP(F612,Driver!A:C,3,false),"") -> 7b7d76055846b118e857 | I612: 0.625 | J612: 0.79166667
A613: =IFNA(VLOOKUP(D613,'Location Table'!A:C,2,false),"") -> f88dfab6-b522-11ee-bb52-506b8d9879b5 | B613: =IFNA(VLOOKUP(F613,Driver!A:C,2,false),"") -> f61678a4-3656-11ed-9310-506b8dbc8dfb | C613: =IFNA(VLOOKUP(E613,'Location Table'!A:C,2,false),"") | D613: 20210 - D3 - VVTan - Charis Healthcare Clinic | F613: F - C - DC100697 Tạ Ngọc Hiền | G613: 1980698793628880414:XXMGIAegigeHesHcPUQpIcnMCwhigvPUATFrPyRHiqIZqTwmvWiXbUzfDhivxPcl | H613: =IFNA(VLOOKUP(F613,Driver!A:C,3,false),"") -> 551b71e8ffa616f84fb7 | I613: 0.5 | J613: 0.79166667
A614: =IFNA(VLOOKUP(D614,'Location Table'!A:C,2,false),"") -> d98568e2-c9ad-11f0-8c1e-506b8d982279 | B614: =IFNA(VLOOKUP(F614,Driver!A:C,2,false),"") -> 1f4f6cae-37cd-11ed-a84d-506b8dbc8dfb | C614: =IFNA(VLOOKUP(E614,'Location Table'!A:C,2,false),"") | D614: 23579 - D5 - PHuu - Bệnh viện Năm Anh | F614: P - P - PT101084 Châu Quốc Bảo | G614: 1980698793628880414:XXMGIAegigeHesHcPUQpIcnMCwhigvPUATFrPyRHiqIZqTwmvWiXbUzfDhivxPcl | H614: =IFNA(VLOOKUP(F614,Driver!A:C,3,false),"") -> 595aed435d09b457ed18 | I614: 0.66666667 | J614: 0.79166667
A615: =IFNA(VLOOKUP(D615,'Location Table'!A:C,2,false),"") -> e05dd2f2-befa-11f0-a698-506b8d982279 | B615: =IFNA(VLOOKUP(F615,Driver!A:C,2,false),"") -> 1f4f6cae-37cd-11ed-a84d-506b8dbc8dfb | C615: =IFNA(VLOOKUP(E615,'Location Table'!A:C,2,false),"") | D615: 23579 - D5 - LHPhong - BV Năm Anh | F615: P - P - PT101084 Châu Quốc Bảo | G615: 1980698793628880414:XXMGIAegigeHesHcPUQpIcnMCwhigvPUATFrPyRHiqIZqTwmvWiXbUzfDhivxPcl | H615: =IFNA(VLOOKUP(F615,Driver!A:C,3,false),"") -> 595aed435d09b457ed18 | I615: 0.66666667 | J615: 0.79166667
A616: =IFNA(VLOOKUP(D616,'Location Table'!A:C,2,false),"") -> 6a0525ea-669c-11ef-9bd6-506b8d9879b5 | B616: =IFNA(VLOOKUP(F616,Driver!A:C,2,false),"") -> feb9afca-fcce-11f0-9378-fa163ee8d8ac | C616: =IFNA(VLOOKUP(E616,'Location Table'!A:C,2,false),"") | D616: 46647677 - BTan - 54 - BV QUỐC ÁNH | F616: P - P - PT101695 Nguyễn Minh Đạt | G616: 1980698793628880414:XXMGIAegigeHesHcPUQpIcnMCwhigvPUATFrPyRHiqIZqTwmvWiXbUzfDhivxPcl | H616: =IFNA(VLOOKUP(F616,Driver!A:C,3,false),"") | I616: 0.66666667 | J616: 0.79166667
A617: =IFNA(VLOOKUP(D617,'Location Table'!A:C,2,false),"") -> 544395bc-a191-11f0-8165-506b8d982279 | B617: =IFNA(VLOOKUP(F617,Driver!A:C,2,false),"") -> 4e1ad614-6cdb-11ef-807b-506b8d9879b5 | C617: =IFNA(VLOOKUP(E617,'Location Table'!A:C,2,false),"") | D617: 23786 - D8 - BMTruc - Phòng Khám Đức Tín | F617: F - P - DC101648 Nguyễn Tấn Phát | G617: 1980698793628880414:XXMGIAegigeHesHcPUQpIcnMCwhigvPUATFrPyRHiqIZqTwmvWiXbUzfDhivxPcl | H617: =IFNA(VLOOKUP(F617,Driver!A:C,3,false),"") -> 65a6581b624a8b14d25b | I617: 0.66666667 | J617: 0.77083333
A618: =IFNA(VLOOKUP(D618,'Location Table'!A:C,2,false),"") -> 0f249710-bc37-11ee-a241-506b8d9879b5 | B618: =IFNA(VLOOKUP(F618,Driver!A:C,2,false),"") -> feb9afca-fcce-11f0-9378-fa163ee8d8ac | C618: =IFNA(VLOOKUP(E618,'Location Table'!A:C,2,false),"") | D618: 20138 - D6 - 23 - Xét nghiệm y khoa Vietmedic | F618: P - P - PT101695 Nguyễn Minh Đạt | G618: 1980698793628880414:XXMGIAegigeHesHcPUQpIcnMCwhigvPUATFrPyRHiqIZqTwmvWiXbUzfDhivxPcl | H618: =IFNA(VLOOKUP(F618,Driver!A:C,3,false),"") | I618: 0.66666667 | J618: 0.79166667
... A1039: =IFNA(VLOOKUP(D1039,'Location Table'!A:C,2,false),"") -> 93f42a58-5c84-11ef-8902-506b8d9879b5 | B1039: =IFNA(VLOOKUP(F1039,Driver!A:C,2,false),"") -> f5993946-37cf-11ed-a3fc-506b8dbc8dfb | C1039: =IFNA(VLOOKUP(E1039,'Location Table'!A:C,2,false),"") | D1039: 20419 - TBinh - CHoa - Phòng khám Tanimed Star | F1039: F - C - DC100993 Nguyễn Hồng Sơn | G1039: 1980698793628880414:XXMGIAegigeHesHcPUQpIcnMCwhigvPUATFrPyRHiqIZqTwmvWiXbUzfDhivxPcl | H1039: =IFNA(VLOOKUP(F1039,Driver!A:C,3,false),"") | I1039: 0.66666667 | J1039: 0.79166667
A1040: =IFNA(VLOOKUP(D1040,'Location Table'!A:C,2,false),"") -> 0813b2f8-af1b-11ef-a1c6-506b8d9879b5 | B1040: =IFNA(VLOOKUP(F1040,Driver!A:C,2,false),"") -> feb9afca-fcce-11f0-9378-fa163ee8d8ac | C1040: =IFNA(VLOOKUP(E1040,'Location Table'!A:C,2,false),"") -> c4f51f56-1ba8-11f1-9378-fa163ee8d8ac | D1040: 17065 - BTan - DS47 - Phòng khám Mẹ và Bé | E1040: BRA - D005 | F1040: P - P - PT101695 Nguyễn Minh Đạt | G1040: 1980698793628880414:XXMGIAegigeHesHcPUQpIcnMCwhigvPUATFrPyRHiqIZqTwmvWiXbUzfDhivxPcl | H1040: =IFNA(VLOOKUP(F1040,Driver!A:C,3,false),"") | I1040: 0.75 | J1040: 0.83333333
A1041: =IFNA(VLOOKUP(D1041,'Location Table'!A:C,2,false),"") -> 2e8f16ae-8fd3-11f0-852a-506b8d982279 | B1041: =IFNA(VLOOKUP(F1041,Driver!A:C,2,false),"") -> af57dfcc-782d-11f0-b407-506b8d982279 | C1041: =IFNA(VLOOKUP(E1041,'Location Table'!A:C,2,false),"") | D1041: 23689 - TDuc - PVDong - Phòng Khám Sản Phụ Khoa Hoàng An | F1041: P - P - PT101278 Phan Thanh Nhật | G1041: 1980698793628880414:XXMGIAegigeHesHcPUQpIcnMCwhigvPUATFrPyRHiqIZqTwmvWiXbUzfDhivxPcl | H1041: =IFNA(VLOOKUP(F1041,Driver!A:C,3,false),"") -> d9fc37dd4093a9cdf082 | I1041: 0.66666667 | J1041: 0.79166667
A1042: =IFNA(VLOOKUP(D1042,'Location Table'!A:C,2,false),"") -> 2d52e58e-13ea-11ee-9e33-506b8dbc8dfb | B1042: =IFNA(VLOOKUP(F1042,Driver!A:C,2,false),"") -> af57dfcc-782d-11f0-b407-506b8d982279 | C1042: =IFNA(VLOOKUP(E1042,'Location Table'!A:C,2,false),"") | D1042: 46557382 - D9 - NVTang - Công ty Cổ phần Bệnh viện đa khoa Bắc Mỹ | F1042: P - P - PT101278 Phan Thanh Nhật | G1042: 1980698793628880414:XXMGIAegigeHesHcPUQpIcnMCwhigvPUATFrPyRHiqIZqTwmvWiXbUzfDhivxPcl | H1042: =IFNA(VLOOKUP(F1042,Driver!A:C,3,false),"") -> d9fc37dd4093a9cdf082 | I1042: 0.66666667 | J1042: 0.79166667
A1043: =IFNA(VLOOKUP(D1043,'Location Table'!A:C,2,false),"") -> 30cc7046-c67b-11ef-80bd-506b8d9879b5 | B1043: =IFNA(VLOOKUP(F1043,Driver!A:C,2,false),"") -> 443c5016-3017-11ee-a6b5-506b8d9879b5 | C1043: =IFNA(VLOOKUP(E1043,'Location Table'!A:C,2,false),"") | D1043: 46648063 - GVap - TNhat - BV Hồng Đức | F1043: P - C - PT101275 Phan Thanh Phương | G1043: 1980698793628880414:XXMGIAegigeHesHcPUQpIcnMCwhigvPUATFrPyRHiqIZqTwmvWiXbUzfDhivxPcl | H1043: =IFNA(VLOOKUP(F1043,Driver!A:C,3,false),"") -> 430767465e0cb752ee1d | I1043: 0.66666667 | J1043: 0.79166667
A1044: =IFNA(VLOOKUP(D1044,'Location Table'!A:C,2,false),"") -> e7be97f4-28ff-11ee-9310-506b8d9879b5 | B1044: =IFNA(VLOOKUP(F1044,Driver!A:C,2,false),"") -> 443c5016-3017-11ee-a6b5-506b8d9879b5 | C1044: =IFNA(VLOOKUP(E1044,'Location Table'!A:C,2,false),"") | D1044: 51000556 - D12 - HDac - BS. NGUYỄN TRI LỘC | F1044: P - C - PT101275 Phan Thanh Phương | G1044: 1980698793628880414:XXMGIAegigeHesHcPUQpIcnMCwhigvPUATFrPyRHiqIZqTwmvWiXbUzfDhivxPcl | H1044: =IFNA(VLOOKUP(F1044,Driver!A:C,3,false),"") -> 430767465e0cb752ee1d | I1044: 0.66666667 | J1044: 0.79166667
A1045: =IFNA(VLOOKUP(D1045,'Location Table'!A:C,2,false),"") -> b0eae254-d574-11f0-a854-506b8d982279 | B1045: =IFNA(VLOOKUP(F1045,Driver!A:C,2,false),"") -> 1f4f6cae-37cd-11ed-a84d-506b8dbc8dfb | C1045: =IFNA(VLOOKUP(E1045,'Location Table'!A:C,2,false),"") | D1045: 23762 - D5 - Hồng Bàng - Nguyễn Thanh Thảo Nguyên | F1045: P - P - PT101084 Châu Quốc Bảo | G1045: 1980698793628880414:XXMGIAegigeHesHcPUQpIcnMCwhigvPUATFrPyRHiqIZqTwmvWiXbUzfDhivxPcl | H1045: =IFNA(VLOOKUP(F1045,Driver!A:C,3,false),"") -> 595aed435d09b457ed18 | I1045: 0.66666667 | J1045: 0.79166667
A1046: =IFNA(VLOOKUP(D1046,'Location Table'!A:C,2,false),"") -> 08f83f06-be42-11ee-9557-506b8d9879b5 | B1046: =IFNA(VLOOKUP(F1046,Driver!A:C,2,false),"") -> 443c5016-3017-11ee-a6b5-506b8d9879b5 | C1046: =IFNA(VLOOKUP(E1046,'Location Table'!A:C,2,false),"") | D1046: 12626 - D12 - NAThu - PHÒNG KHÁM ĐA KHOA Y DƯỢC HỒNG PHÚC | F1046: P - C - PT101275 Phan Thanh Phương | G1046: 1980698793628880414:XXMGIAegigeHesHcPUQpIcnMCwhigvPUATFrPyRHiqIZqTwmvWiXbUzfDhivxPcl | H1046: =IFNA(VLOOKUP(F1046,Driver!A:C,3,false),"") -> 430767465e0cb752ee1d | I1046: 0.66666667 | J1046: 0.79166667
A1047: =IFNA(VLOOKUP(D1047,'Location Table'!A:C,2,false),"") -> a2e8d88c-fbf8-11f0-9378-fa163ee8d8ac | B1047: =IFNA(VLOOKUP(F1047,Driver!A:C,2,false),"") -> c1149922-ecea-11ef-a670-506b8d9879b5 | C1047: =IFNA(VLOOKUP(E1047,'Location Table'!A:C,2,false),"") | D1047: 20906 - BThanh - TDa - LÊ QUỐC THANH | F1047: P - C - PT101574 Lê Hoàng Anh Duy | G1047: 1980698793628880414:XXMGIAegigeHesHcPUQpIcnMCwhigvPUATFrPyRHiqIZqTwmvWiXbUzfDhivxPcl | H1047: =IFNA(VLOOKUP(F1047,Driver!A:C,3,false),"") | I1047: 0.66666667 | J1047: 0.79166667
A1048: =IFNA(VLOOKUP(D1048,'Location Table'!A:C,2,false),"") -> e95894d4-ed77-11ed-941b-506b8dbc8dfb | B1048: =IFNA(VLOOKUP(F1048,Driver!A:C,2,false),"") -> a4e52324-215e-11ee-afc5-506b8d9879b5 | C1048: =IFNA(VLOOKUP(E1048,'Location Table'!A:C,2,false),"") | D1048: 46511528 - D1 - TVCan - Công ty TNHH Bệnh viện Đa Khoa Quốc Tế Sài Gòn | F1048: P - P - PT101365 Nguyễn Minh Thông | G1048: 1980698793628880414:XXMGIAegigeHesHcPUQpIcnMCwhigvPUATFrPyRHiqIZqTwmvWiXbUzfDhivxPcl | H1048: =IFNA(VLOOKUP(F1048,Driver!A:C,3,false),"") -> 948d059b10d2f98ca0c3 | I1048: 0.5 | J1048: 0.70833333
A1049: =IFNA(VLOOKUP(D1049,'Location Table'!A:C,2,false),"") -> 6537d2d8-447f-11ed-ae22-506b8dbc8dfb | B1049: =IFNA(VLOOKUP(F1049,Driver!A:C,2,false),"") -> a4e52324-215e-11ee-afc5-506b8d9879b5 | C1049: =IFNA(VLOOKUP(E1049,'Location Table'!A:C,2,false),"") | D1049: 43983877 - D1 - LDuan - CÔNG TY TNHH DYM MEDICAL CENTER VIỆT NAM | F1049: P - P - PT101365 Nguyễn Minh Thông | G1049: 1980698793628880414:XXMGIAegigeHesHcPUQpIcnMCwhigvPUATFrPyRHiqIZqTwmvWiXbUzfDhivxPcl | H1049: =IFNA(VLOOKUP(F1049,Driver!A:C,3,false),"") -> 948d059b10d2f98ca0c3 | I1049: 0.5 | J1049: 0.70833333
A1050: =IFNA(VLOOKUP(D1050,'Location Table'!A:C,2,false),"") -> 495caf86-49fa-11ed-8e62-506b8dbc8dfb | B1050: =IFNA(VLOOKUP(F1050,Driver!A:C,2,false),"") -> 02d08390-37cf-11ed-865f-506b8dbc8dfb | C1050: =IFNA(VLOOKUP(E1050,'Location Table'!A:C,2,false),"") | D1050: 53028720 - HMon - PVSang - Vũ Lệ Anh | F1050: P - P - PT101125 Lưu Minh | G1050: 1980698793628880414:XXMGIAegigeHesHcPUQpIcnMCwhigvPUATFrPyRHiqIZqTwmvWiXbUzfDhivxPcl | H1050: =IFNA(VLOOKUP(F1050,Driver!A:C,3,false),"") -> 7b7d76055846b118e857 | I1050: 0.58333333 | J1050: 0.79166667
A1051: =IFNA(VLOOKUP(D1051,'Location Table'!A:C,2,false),"") -> c10e75c2-446f-11ed-9108-506b8dbc8dfb | B1051: =IFNA(VLOOKUP(F1051,Driver!A:C,2,false),"") -> c1149922-ecea-11ef-a670-506b8d9879b5 | C1051: =IFNA(VLOOKUP(E1051,'Location Table'!A:C,2,false),"") | D1051: 40934998 - BThanh - NHCanh - Family Medical Practice | F1051: P - C - PT101574 Lê Hoàng Anh Duy | G1051: 1980698793628880414:XXMGIAegigeHesHcPUQpIcnMCwhigvPUATFrPyRHiqIZqTwmvWiXbUzfDhivxPcl | H1051: =IFNA(VLOOKUP(F1051,Driver!A:C,3,false),"") | I1051: 0.66666667 | J1051: 0.79166667
A1052: =IFNA(VLOOKUP(D1052,'Location Table'!A:C,2,false),"") -> a5a22756-4ab0-11ed-a93a-506b8dbc8dfb | B1052: =IFNA(VLOOKUP(F1052,Driver!A:C,2,false),"") -> f5993946-37cf-11ed-a3fc-506b8dbc8dfb | C1052: =IFNA(VLOOKUP(E1052,'Location Table'!A:C,2,false),"") | D1052: 46647913 - TBinh - TTTong - Bs Nguyễn Thị Thúy | F1052: F - C - DC100993 Nguyễn Hồng Sơn | G1052: 1980698793628880414:XXMGIAegigeHesHcPUQpIcnMCwhigvPUATFrPyRHiqIZqTwmvWiXbUzfDhivxPcl | H1052: =IFNA(VLOOKUP(F1052,Driver!A:C,3,false),"") | I1052: 0.66666667 | J1052: 0.79166667
... A1136: =IFNA(VLOOKUP(D1136,'Location Table'!A:C,2,false),"") -> 47731210-5a0a-11ef-81fc-506b8d9879b5 | B1136: =IFNA(VLOOKUP(F1136,Driver!A:C,2,false),"") -> 353f3686-dcc8-11f0-82b8-506b8d982279 | C1136: =IFNA(VLOOKUP(E1136,'Location Table'!A:C,2,false),"") | D1136: 49462397 - D11 - TKhai - Công TNHH Phát Triển Công Nghệ Anapath | F1136: F - P - DC101876 Trịnh Ngọc Sơn | G1136: 1980698793628880414:XXMGIAegigeHesHcPUQpIcnMCwhigvPUATFrPyRHiqIZqTwmvWiXbUzfDhivxPcl | H1136: =IFNA(VLOOKUP(F1136,Driver!A:C,3,false),"") -> e7ce6d37cc7f25217c6e | I1136: 0.25 | J1136: 0.75
A1137: =IFNA(VLOOKUP(D1137,'Location Table'!A:C,2,false),"") | B1137: =IFNA(VLOOKUP(F1137,Driver!A:C,2,false),"") | C1137: =IFNA(VLOOKUP(E1137,'Location Table'!A:C,2,false),"") | H1137: =IFNA(VLOOKUP(F1137,Driver!A:C,3,false),"")
A1138: =IFNA(VLOOKUP(D1138,'Location Table'!A:C,2,false),"") | B1138: =IFNA(VLOOKUP(F1138,Driver!A:C,2,false),"") | C1138: =IFNA(VLOOKUP(E1138,'Location Table'!A:C,2,false),"") | H1138: =IFNA(VLOOKUP(F1138,Driver!A:C,3,false),"")
A1139: =IFNA(VLOOKUP(D1139,'Location Table'!A:C,2,false),"") | B1139: =IFNA(VLOOKUP(F1139,Driver!A:C,2,false),"") | C1139: =IFNA(VLOOKUP(E1139,'Location Table'!A:C,2,false),"") | H1139: =IFNA(VLOOKUP(F1139,Driver!A:C,3,false),"")
A1140: =IFNA(VLOOKUP(D1140,'Location Table'!A:C,2,false),"") | B1140: =IFNA(VLOOKUP(F1140,Driver!A:C,2,false),"") | C1140: =IFNA(VLOOKUP(E1140,'Location Table'!A:C,2,false),"") | H1140: =IFNA(VLOOKUP(F1140,Driver!A:C,3,false),"")
A1141: =IFNA(VLOOKUP(D1141,'Location Table'!A:C,2,false),"") | B1141: =IFNA(VLOOKUP(F1141,Driver!A:C,2,false),"") | C1141: =IFNA(VLOOKUP(E1141,'Location Table'!A:C,2,false),"") | H1141: =IFNA(VLOOKUP(F1141,Driver!A:C,3,false),"")
A1142: =IFNA(VLOOKUP(D1142,'Location Table'!A:C,2,false),"") | B1142: =IFNA(VLOOKUP(F1142,Driver!A:C,2,false),"") | C1142: =IFNA(VLOOKUP(E1142,'Location Table'!A:C,2,false),"") | H1142: =IFNA(VLOOKUP(F1142,Driver!A:C,3,false),"")
A1143: =IFNA(VLOOKUP(D1143,'Location Table'!A:C,2,false),"") | B1143: =IFNA(VLOOKUP(F1143,Driver!A:C,2,false),"") | C1143: =IFNA(VLOOKUP(E1143,'Location Table'!A:C,2,false),"") | H1143: =IFNA(VLOOKUP(F1143,Driver!A:C,3,false),"")
A1144: =IFNA(VLOOKUP(D1144,'Location Table'!A:C,2,false),"") | B1144: =IFNA(VLOOKUP(F1144,Driver!A:C,2,false),"") | C1144: =IFNA(VLOOKUP(E1144,'Location Table'!A:C,2,false),"") | H1144: =IFNA(VLOOKUP(F1144,Driver!A:C,3,false),"")
A1145: =IFNA(VLOOKUP(D1145,'Location Table'!A:C,2,false),"") | B1145: =IFNA(VLOOKUP(F1145,Driver!A:C,2,false),"") | C1145: =IFNA(VLOOKUP(E1145,'Location Table'!A:C,2,false),"") | H1145: =IFNA(VLOOKUP(F1145,Driver!A:C,3,false),"")
A1146: =IFNA(VLOOKUP(D1146,'Location Table'!A:C,2,false),"") | B1146: =IFNA(VLOOKUP(F1146,Driver!A:C,2,false),"") | C1146: =IFNA(VLOOKUP(E1146,'Location Table'!A:C,2,false),"") | H1146: =IFNA(VLOOKUP(F1146,Driver!A:C,3,false),"")
A1147: =IFNA(VLOOKUP(D1147,'Location Table'!A:C,2,false),"") | B1147: =IFNA(VLOOKUP(F1147,Driver!A:C,2,false),"") | C1147: =IFNA(VLOOKUP(E1147,'Location Table'!A:C,2,false),"") | H1147: =IFNA(VLOOKUP(F1147,Driver!A:C,3,false),"")
A1148: =IFNA(VLOOKUP(D1148,'Location Table'!A:C,2,false),"") | B1148: =IFNA(VLOOKUP(F1148,Driver!A:C,2,false),"") | C1148: =IFNA(VLOOKUP(E1148,'Location Table'!A:C,2,false),"") | H1148: =IFNA(VLOOKUP(F1148,Driver!A:C,3,false),"")
... A1349: =IFNA(VLOOKUP(D1349,'Location Table'!A:C,2,false),"") | B1349: =IFNA(VLOOKUP(F1349,Driver!A:C,2,false),"") | C1349: =IFNA(VLOOKUP(E1349,'Location Table'!A:C,2,false),"") | H1349: =IFNA(VLOOKUP(F1349,Driver!A:C,3,false),"")

Sheet PSC
A1: psc_pickup | B1: dropoff_location | C1: pickup | D1: dropoff | E1: ref_number | F1: address | G1: lat | H1: long
A2: BRA - D001 | B2: BRA - D001 | C2: =VLOOKUP(A2,Table2[[customer_name]:[customer_id]],2,0) -> 3927b076-3af9-11ed-b939-506b8dbc8dfb | D2: =VLOOKUP(B2,Table2[[customer_name]:[customer_id]],2,0) -> 3927b076-3af9-11ed-b939-506b8dbc8dfb | E2: D001▶️D001 | F2: =VLOOKUP(A2,Table2[[customer_name]:[address_line_1]],3,0) -> Diag Laboratories, 414, 420 Đ. Cao Thắng, Phường 12, Quận 10, Thành phố Hồ Chí Minh 72510 | G2: =VLOOKUP(C2,'Location Table'!B:K,9,FALSE) -> 10.775086 | H2: =VLOOKUP(C2,'Location Table'!B:K,10,FALSE) -> 106.67271
A3: BRA - D002 | B3: BRA - D001 | C3: =VLOOKUP(A3,Table2[[customer_name]:[customer_id]],2,0) -> 7bc36d6c-3d6a-11ed-a1ac-506b8dbc8dfb | D3: =VLOOKUP(B3,Table2[[customer_name]:[customer_id]],2,0) -> 3927b076-3af9-11ed-b939-506b8dbc8dfb | E3: D002▶️D001 | F3: =VLOOKUP(A3,Table2[[customer_name]:[address_line_1]],3,0) -> Diag Laboratories, 309 Dương Trần Phú, Phường 3, Quận 5, Thành phố Hồ Chí Minh 72710 | G3: =VLOOKUP(C3,'Location Table'!B:K,9,FALSE) -> 10.756428 | H3: =VLOOKUP(C3,'Location Table'!B:K,10,FALSE) -> 106.6734
A4: BRA - D003 | B4: BRA - D001 | C4: =VLOOKUP(A4,Table2[[customer_name]:[customer_id]],2,0) -> 557ec732-3af9-11ed-b159-506b8dbc8dfb | D4: =VLOOKUP(B4,Table2[[customer_name]:[customer_id]],2,0) -> 3927b076-3af9-11ed-b939-506b8dbc8dfb | E4: D003▶️D001 | F4: =VLOOKUP(A4,Table2[[customer_name]:[address_line_1]],3,0) -> Diag Laboratories, 231 Hoàng Văn Thụ, Phường 8, Phú Nhuận, Thành phố Hồ Chí Minh 72217 | G4: =VLOOKUP(C4,'Location Table'!B:K,9,FALSE) -> 10.799748 | H4: =VLOOKUP(C4,'Location Table'!B:K,10,FALSE) -> 106.6696
A5: BRA - D004 | B5: BRA - D001 | C5: =VLOOKUP(A5,Table2[[customer_name]:[customer_id]],2,0) -> 1c89cd22-3d6b-11ed-b2d6-506b8dbc8dfb | D5: =VLOOKUP(B5,Table2[[customer_name]:[customer_id]],2,0) -> 3927b076-3af9-11ed-b939-506b8dbc8dfb | E5: D004▶️D001 | F5: =VLOOKUP(A5,Table2[[customer_name]:[address_line_1]],3,0) -> Diag Laboratories, 75 Đ. Lê Văn Việt, Hiệp Phú, Quận 9, Thành phố Hồ Chí Minh | G5: =VLOOKUP(C5,'Location Table'!B:K,9,FALSE) -> 10.84737 | H5: =VLOOKUP(C5,'Location Table'!B:K,10,FALSE) -> 106.77657
A6: BRA - D005 | B6: BRA - D001 | C6: =VLOOKUP(A6,Table2[[customer_name]:[customer_id]],2,0) -> c4f51f56-1ba8-11f1-9378-fa163ee8d8ac | D6: =VLOOKUP(B6,Table2[[customer_name]:[customer_id]],2,0) -> 3927b076-3af9-11ed-b939-506b8dbc8dfb | E6: D005▶️D001 | F6: =VLOOKUP(A6,Table2[[customer_name]:[address_line_1]],3,0) -> 99 Đ. Bình Thới, Phường 11, Quận 11, Thành phố Hồ Chí Minh 72620 | G6: =VLOOKUP(C6,'Location Table'!B:K,9,FALSE) -> 10.767069 | H6: =VLOOKUP(C6,'Location Table'!B:K,10,FALSE) -> 106.64929
A7: BRA - D006 | B7: BRA - D001 | C7: =VLOOKUP(A7,Table2[[customer_name]:[customer_id]],2,0) -> c07bc96a-3d81-11ed-989f-506b8dbc8dfb | D7: =VLOOKUP(B7,Table2[[customer_name]:[customer_id]],2,0) -> 3927b076-3af9-11ed-b939-506b8dbc8dfb | E7: D006▶️D001 | F7: =VLOOKUP(A7,Table2[[customer_name]:[address_line_1]],3,0) -> Diag Laboratories, 198 Nguyễn Thị Thập, Bình Thuận, Quận 7, Thành phố Hồ Chí Minh 72914 | G7: =VLOOKUP(C7,'Location Table'!B:K,9,FALSE) -> 10.73842 | H7: =VLOOKUP(C7,'Location Table'!B:K,10,FALSE) -> 106.71641
A8: BRA - D007 | B8: BRA - D001 | C8: =VLOOKUP(A8,Table2[[customer_name]:[customer_id]],2,0) -> debfa9a0-3d81-11ed-9ba7-506b8dbc8dfb | D8: =VLOOKUP(B8,Table2[[customer_name]:[customer_id]],2,0) -> 3927b076-3af9-11ed-b939-506b8dbc8dfb | E8: D007▶️D001 | F8: =VLOOKUP(A8,Table2[[customer_name]:[address_line_1]],3,0) -> 275 Tô Ngọc Vân, Linh Đông, Thủ Đức, Thành phố Hồ Chí Minh | G8: =VLOOKUP(C8,'Location Table'!B:K,9,FALSE) -> 10.858457 | H8: =VLOOKUP(C8,'Location Table'!B:K,10,FALSE) -> 106.74875
A9: BRA - D009 | B9: BRA - D001 | C9: =VLOOKUP(A9,Table2[[customer_name]:[customer_id]],2,0) -> 7e6eb83c-3d83-11ed-b414-506b8dbc8dfb | D9: =VLOOKUP(B9,Table2[[customer_name]:[customer_id]],2,0) -> 3927b076-3af9-11ed-b939-506b8dbc8dfb | E9: D009▶️D001 | F9: =VLOOKUP(A9,Table2[[customer_name]:[address_line_1]],3,0) -> 7 Phan Văn Hớn, Tân Thới Nhất, Quận 12, Thành phố Hồ Chí Minh | G9: =VLOOKUP(C9,'Location Table'!B:K,9,FALSE) -> 10.827208 | H9: =VLOOKUP(C9,'Location Table'!B:K,10,FALSE) -> 106.62474
A10: BRA - D010 | B10: BRA - D001 | C10: =VLOOKUP(A10,Table2[[customer_name]:[customer_id]],2,0) -> 9a15e7a4-3d83-11ed-be4e-506b8dbc8dfb | D10: =VLOOKUP(B10,Table2[[customer_name]:[customer_id]],2,0) -> 3927b076-3af9-11ed-b939-506b8dbc8dfb | E10: D010▶️D001 | F10: =VLOOKUP(A10,Table2[[customer_name]:[address_line_1]],3,0) -> Trung Tâm Y Khoa Diag - Tên Lửa, 101 103 Đ. Tên Lửa, Bình Trị Đông B, Bình Tân, Thành phố Hồ Chí Minh 71908 | G10: =VLOOKUP(C10,'Location Table'!B:K,9,FALSE) -> 10.746023 | H10: =VLOOKUP(C10,'Location Table'!B:K,10,FALSE) -> 106.61232
A11: BRA - D011 | B11: BRA - D001 | C11: =VLOOKUP(A11,Table2[[customer_name]:[customer_id]],2,0) -> bbdd2320-3d83-11ed-a15b-506b8dbc8dfb | D11: =VLOOKUP(B11,Table2[[customer_name]:[customer_id]],2,0) -> 3927b076-3af9-11ed-b939-506b8dbc8dfb | E11: D011▶️D001 | F11: =VLOOKUP(A11,Table2[[customer_name]:[address_line_1]],3,0) -> 742 Lũy Bán Bích, Tân Thành, Tân Phú, Thành phố Hồ Chí Minh | G11: =VLOOKUP(C11,'Location Table'!B:K,9,FALSE) -> 10.794347 | H11: =VLOOKUP(C11,'Location Table'!B:K,10,FALSE) -> 106.63817
A12: BRA - D014 | B12: BRA - D007 | C12: =VLOOKUP(A12,Table2[[customer_name]:[customer_id]],2,0) -> c79d5fa2-3d85-11ed-a6db-506b8dbc8dfb | D12: =VLOOKUP(B12,Table2[[customer_name]:[customer_id]],2,0) -> debfa9a0-3d81-11ed-9ba7-506b8dbc8dfb | E12: D014▶️D007 | F12: =VLOOKUP(A12,Table2[[customer_name]:[address_line_1]],3,0) -> Diag Laboratories, 495 Đ. Cách Mạng Tháng 8, Phú Cường, Thủ Dầu Một, Bình Dương 75153 | G12: =VLOOKUP(C12,'Location Table'!B:K,9,FALSE) -> 10.979216 | H12: =VLOOKUP(C12,'Location Table'!B:K,10,FALSE) -> 106.65549
A13: BRA - D015 | B13: BRA - D004 | C13: =VLOOKUP(A13,Table2[[customer_name]:[customer_id]],2,0) -> 0c0b1998-3d88-11ed-8d9a-506b8dbc8dfb | D13: =VLOOKUP(B13,Table2[[customer_name]:[customer_id]],2,0) -> 1c89cd22-3d6b-11ed-b2d6-506b8dbc8dfb | E13: D015▶️D004 | F13: =VLOOKUP(A13,Table2[[customer_name]:[address_line_1]],3,0) -> Diag Laboratories, 139 - 141 (số cũ, 241 Đ. Võ Thị Sáu, Khu Phố 7, Tp. Biên Hòa, Đồng Nai 76108 | G13: =VLOOKUP(C13,'Location Table'!B:K,9,FALSE) -> 10.947309 | H13: =VLOOKUP(C13,'Location Table'!B:K,10,FALSE) -> 106.82841
... A25: BRA - D029 | B25: BRA - D001 | C25: =VLOOKUP(A25,Table2[[customer_name]:[customer_id]],2,0) -> c81985d4-3d9c-11ed-8951-506b8dbc8dfb | D25: =VLOOKUP(B25,Table2[[customer_name]:[customer_id]],2,0) -> 3927b076-3af9-11ed-b939-506b8dbc8dfb | E25: D029▶️D001 | F25: =VLOOKUP(A25,Table2[[customer_name]:[address_line_1]],3,0) -> Diag Laboratories, 101 Đ. Đinh Tiên Hoàng, Đa Kao, Quận 1, Thành phố Hồ Chí Minh 71007 | G25: =VLOOKUP(C25,'Location Table'!B:K,9,FALSE) -> 10.79036 | H25: =VLOOKUP(C25,'Location Table'!B:K,10,FALSE) -> 106.69733
A26: BRA - D030 | B26: 3PL - D030 - THB | C26: =VLOOKUP(A26,Table2[[customer_name]:[customer_id]],2,0) -> c450f244-3b21-11f1-9378-fa163ee8d8ac | D26: =VLOOKUP(B26,Table2[[customer_name]:[customer_id]],2,0) -> b959ed68-446d-11ed-b04f-506b8dbc8dfb | F26: =VLOOKUP(A26,Table2[[customer_name]:[address_line_1]],3,0) -> 54Z1B, Đ. Trần Nam Phú, Khu vực 2, Tân An, Cần Thơ | G26: =VLOOKUP(C26,'Location Table'!B:K,9,FALSE) -> 10.033813 | H26: =VLOOKUP(C26,'Location Table'!B:K,10,FALSE) -> 105.76373
A27: BRA - D032 | B27: BRA - D007 | C27: =VLOOKUP(A27,Table2[[customer_name]:[customer_id]],2,0) -> 17dd37b4-3d9d-11ed-93b6-506b8dbc8dfb | D27: =VLOOKUP(B27,Table2[[customer_name]:[customer_id]],2,0) -> debfa9a0-3d81-11ed-9ba7-506b8dbc8dfb | E27: D036▶️D001 | F27: =VLOOKUP(A27,Table2[[customer_name]:[address_line_1]],3,0) -> Diag Laboratories, 67A Nguyễn Văn Tiết, Lái Thiêu, Thuận An, Bình Dương 75206 | G27: =VLOOKUP(C27,'Location Table'!B:K,9,FALSE) -> 10.90835 | H27: =VLOOKUP(C27,'Location Table'!B:K,10,FALSE) -> 106.70142
A28: BRA - D033 | B28: BRA - D009 | C28: =VLOOKUP(A28,Table2[[customer_name]:[customer_id]],2,0) -> 24b9b3d6-3d9d-11ed-b9a1-506b8dbc8dfb | D28: =VLOOKUP(B28,Table2[[customer_name]:[customer_id]],2,0) -> 7e6eb83c-3d83-11ed-b414-506b8dbc8dfb | E28: D033▶️D009 | F28: =VLOOKUP(A28,Table2[[customer_name]:[address_line_1]],3,0) -> Diag Laboratories, 31, 5 Đ. Quang Trung, TT. Hóc Môn, Hóc Môn, Thành phố Hồ Chí Minh 71706 | G28: =VLOOKUP(C28,'Location Table'!B:K,9,FALSE) -> 10.888009 | H28: =VLOOKUP(C28,'Location Table'!B:K,10,FALSE) -> 106.59853
A29: BRA - D035 | B29: BRA - D001 | C29: =VLOOKUP(A29,Table2[[customer_name]:[customer_id]],2,0) -> 77531e70-3d9d-11ed-bccd-506b8dbc8dfb | D29: =VLOOKUP(B29,Table2[[customer_name]:[customer_id]],2,0) -> 3927b076-3af9-11ed-b939-506b8dbc8dfb | E29: D035▶️D001 | F29: =VLOOKUP(A29,Table2[[customer_name]:[address_line_1]],3,0) -> Diag Laboratories, 1375, 1377 Huỳnh Tấn Phát, KP4, Quận 7, Thành phố Hồ Chí Minh 72907 | G29: =VLOOKUP(C29,'Location Table'!B:K,9,FALSE) -> 10.715441 | H29: =VLOOKUP(C29,'Location Table'!B:K,10,FALSE) -> 106.73706
A30: BRA - D036 | B30: BRA - D001 | C30: =VLOOKUP(A30,Table2[[customer_name]:[customer_id]],2,0) -> a22daf7a-3d9d-11ed-8890-506b8dbc8dfb | D30: =VLOOKUP(B30,Table2[[customer_name]:[customer_id]],2,0) -> 3927b076-3af9-11ed-b939-506b8dbc8dfb | E30: D036▶️D001 | F30: =VLOOKUP(A30,Table2[[customer_name]:[address_line_1]],3,0) -> Diag Laboratories, 129 Nguyễn Đình Chiểu, Phường 1, Tân An, Long An 82106 | G30: =VLOOKUP(C30,'Location Table'!B:K,9,FALSE) -> 10.535476 | H30: =VLOOKUP(C30,'Location Table'!B:K,10,FALSE) -> 106.41704
A31: BRA - D036 | B31: 3PL - D036 - TLT | C31: =VLOOKUP(A31,Table2[[customer_name]:[customer_id]],2,0) -> a22daf7a-3d9d-11ed-8890-506b8dbc8dfb | D31: =VLOOKUP(B31,Table2[[customer_name]:[customer_id]],2,0) -> 8350b9b4-5e65-11ee-aa4d-506b8d9879b5 | E31: D036▶️3PL | F31: =VLOOKUP(A31,Table2[[customer_name]:[address_line_1]],3,0) -> Diag Laboratories, 129 Nguyễn Đình Chiểu, Phường 1, Tân An, Long An 82106 | G31: =VLOOKUP(C31,'Location Table'!B:K,9,FALSE) -> 10.535476 | H31: =VLOOKUP(C31,'Location Table'!B:K,10,FALSE) -> 106.41704
A32: BRA - D037 | B32: BRA - D001 | C32: =VLOOKUP(A32,Table2[[customer_name]:[customer_id]],2,0) -> ec32d0d2-ceec-11ee-bad2-506b8d9879b5 | D32: =VLOOKUP(B32,Table2[[customer_name]:[customer_id]],2,0) -> 3927b076-3af9-11ed-b939-506b8dbc8dfb | E32: D037▶️D001 | F32: =VLOOKUP(A32,Table2[[customer_name]:[address_line_1]],3,0) -> 323 Đ. Nguyễn Duy Trinh, Phường Bình Trưng Tây, Quận 2, Thành phố Hồ Chí Minh | G32: =VLOOKUP(C32,'Location Table'!B:K,9,FALSE) -> 10.788097 | H32: =VLOOKUP(C32,'Location Table'!B:K,10,FALSE) -> 106.76624
A33: BRA - D038 | B33: BRA - D001 | C33: =VLOOKUP(A33,Table2[[customer_name]:[customer_id]],2,0) -> cc143b9c-ceec-11ee-9518-506b8d9879b5 | D33: =VLOOKUP(B33,Table2[[customer_name]:[customer_id]],2,0) -> 3927b076-3af9-11ed-b939-506b8dbc8dfb | E33: D038▶️D001 | F33: =VLOOKUP(A33,Table2[[customer_name]:[address_line_1]],3,0) -> 1166 Đ. Cách Mạng Tháng 8, Phường 4, Tân Bình, Thành phố Hồ Chí Minh | G33: =VLOOKUP(C33,'Location Table'!B:K,9,FALSE) -> 10.791934 | H33: =VLOOKUP(C33,'Location Table'!B:K,10,FALSE) -> 106.6555
A34: BRA - D039 | B34: BRA - D001 | C34: =VLOOKUP(A34,Table2[[customer_name]:[customer_id]],2,0) -> b188329c-ceec-11ee-bae4-506b8d9879b5 | D34: =VLOOKUP(B34,Table2[[customer_name]:[customer_id]],2,0) -> 3927b076-3af9-11ed-b939-506b8dbc8dfb | E34: D039▶️D001 | F34: =VLOOKUP(A34,Table2[[customer_name]:[address_line_1]],3,0) -> 375 Đ. Nguyễn Văn Luông, Phường 12, Quận 6, Thành phố Hồ Chí Minh | G34: =VLOOKUP(C34,'Location Table'!B:K,9,FALSE) -> 10.751132 | H34: =VLOOKUP(C34,'Location Table'!B:K,10,FALSE) -> 106.635
A35: BRA - D040 | B35: BRA - D001 | C35: =VLOOKUP(A35,Table2[[customer_name]:[customer_id]],2,0) -> af190f62-0ce6-11ef-ba8a-506b8d9879b5 | D35: =VLOOKUP(B35,Table2[[customer_name]:[customer_id]],2,0) -> 3927b076-3af9-11ed-b939-506b8dbc8dfb | E35: D040▶️D001 | F35: =VLOOKUP(A35,Table2[[customer_name]:[address_line_1]],3,0) -> 869 Đ. Phan Văn Trị, Phường 7, Gò Vấp, Thành phố Hồ Chí Minh | G35: =VLOOKUP(C35,'Location Table'!B:K,9,FALSE) -> 10.829273 | H35: =VLOOKUP(C35,'Location Table'!B:K,10,FALSE) -> 106.6816
A36: BRA - D041 | B36: BRA - D001 | C36: =VLOOKUP(A36,Table2[[customer_name]:[customer_id]],2,0) -> 21dcad6a-0ce7-11ef-af2f-506b8d9879b5 | D36: =VLOOKUP(B36,Table2[[customer_name]:[customer_id]],2,0) -> 3927b076-3af9-11ed-b939-506b8dbc8dfb | E36: D041▶️D001 | F36: =VLOOKUP(A36,Table2[[customer_name]:[address_line_1]],3,0) -> 75-77 Nguyễn Thị Tú, Bình Hưng Hoà B, Bình Tân, Thành phố Hồ Chí Minh | G36: =VLOOKUP(C36,'Location Table'!B:K,9,FALSE) -> 10.815858 | H36: =VLOOKUP(C36,'Location Table'!B:K,10,FALSE) -> 106.59852
A37: BRA - D042 | B37: BRA - D001 | C37: =VLOOKUP(A37,Table2[[customer_name]:[customer_id]],2,0) -> 37c8f934-0ce8-11ef-900c-506b8d9879b5 | D37: =VLOOKUP(B37,Table2[[customer_name]:[customer_id]],2,0) -> 3927b076-3af9-11ed-b939-506b8dbc8dfb | E37: D042▶️D001 | F37: =VLOOKUP(A37,Table2[[customer_name]:[address_line_1]],3,0) -> 1B Đường số 5, Phước Bình, Quận 9, Thành phố Hồ Chí Minh | G37: =VLOOKUP(C37,'Location Table'!B:K,9,FALSE) -> 10.81819 | H37: =VLOOKUP(C37,'Location Table'!B:K,10,FALSE) -> 106.77306
A38: BRA - D043 | B38: BRA - D001 | C38: =VLOOKUP(A38,Table2[[customer_name]:[customer_id]],2,0) -> e5c037c2-0ce9-11ef-a2d8-506b8d9879b5 | D38: =VLOOKUP(B38,Table2[[customer_name]:[customer_id]],2,0) -> 3927b076-3af9-11ed-b939-506b8dbc8dfb | E38: D043▶️D001 | F38: =VLOOKUP(A38,Table2[[customer_name]:[address_line_1]],3,0) -> 377 Đ. Lê Văn Quới, Bình Trị Đông A, Bình Tân, Hồ Chí Minh | G38: =VLOOKUP(C38,'Location Table'!B:K,9,FALSE) -> 10.776182 | H38: =VLOOKUP(C38,'Location Table'!B:K,10,FALSE) -> 106.60704
... A47: BRA - D000 | B47: BRA - D001 | C47: =VLOOKUP(A47,Table2[[customer_name]:[customer_id]],2,0) -> 0452953a-f967-11ef-8764-506b8d9879b5 | D47: =VLOOKUP(B47,Table2[[customer_name]:[customer_id]],2,0) -> 3927b076-3af9-11ed-b939-506b8dbc8dfb | E47: D000▶️D001 | F47: =VLOOKUP(A47,Table2[[customer_name]:[address_line_1]],3,0) -> 283 Cách Mạng Tháng Tám, Phường 12, Quận 10, Hồ Chí Minh | G47: =VLOOKUP(C47,'Location Table'!B:K,9,FALSE) -> 10.77846 | H47: =VLOOKUP(C47,'Location Table'!B:K,10,FALSE) -> 106.67974

Sheet Location Table
A1: customer_name | B1: customer_id | C1: address_line_1 | D1: new_ward | E1: dropoff | F1: dropoff_id | G1: eta | H1: export_status | I1: nearest_dropoff | J1: lat | K1: lng
A2: - TBinh - Bs Ngô Phương Minh Thuận | B2: b365896e-c1b8-11f0-b111-506b8d982279 | C2: PHÒNG KHÁM TIÊU HOÁ NỘI SOI 474, Đường Trường Chinh, Phường Tân Bình, Tân Bình, Ho Chi Minh City | D2: Tân Bình | F2: {=IFNA(VLOOKUP(E2:E3002,'Location Table'!A:C,2,false),"")} | H2: exported 2026-04-18 | I2: BRA - D011 | J2: 10.801039 | K2: 106.63839
A3: 24153 - D7 - D79 - BS Đinh Bá Phong | B3: 5298af74-d7e0-11f0-adc3-506b8d982279 | C3: 138a Đường số 79, Tân Quy, Quận 7, Thành phố Hồ Chí Minh | D3: Tân Hưng | E3: BRA - D006 | F3: c07bc96a-3d81-11ed-989f-506b8dbc8dfb | G3: 70 | H3: exported 2026-04-18 | I3: BRA - D006 | J3: 10.740682 | K3: 106.70645
A4: 40664042 - D3 - TQDieu - PK Bình An Hưng | B4: 2901130e-0270-11f0-a92e-506b8d9879b5 | C4: 59 Trần Quang Diệu, Phường 12, Quận 3, Hồ Chí Minh 70000 | D4: Nhiêu Lộc | E4: BRA - D045 | F4: 088b3eac-73db-11ef-a38c-506b8d9879b5 | G4: 69 | H4: exported 2026-04-18 | I4: BRA - D050 | J4: 10.785639 | K4: 106.67858
A5: 21555 - TDuc - HBinh - Nguyễn Tú Anh | B5: d7b60710-d821-11f0-b23f-506b8d982279 | C5: 61/23c Đường Sô 48, Hiệp Bình Chánh, Thủ Đức, Ho Chi Minh City, Vietnam | D5: Hiệp Bình | E5: BRA - D007 | F5: debfa9a0-3d81-11ed-9ba7-506b8dbc8dfb | G5: 70 | H5: exported 2026-04-18 | I5: BRA - D007 | J5: 10.836647 | K5: 106.72723
A6: 21778 - D10 - TDao - Phòng Khám Đa Khoa CARDIO | B6: ba7452ba-50d1-11f0-a00e-506b8d982279 | C6: Phòng khám đa khoa CARDIO, 102 Đ. Tam Đảo, Phường 14, Quận 10, Hồ Chí Minh | D6: Diên Hồng | E6: BRA - D001 | F6: 3927b076-3af9-11ed-b939-506b8dbc8dfb | G6: 60 | H6: exported 2026-04-18 | I6: BRA - D048 | J6: 10.775252 | K6: 106.65916
A7: 24135 - D7 - HTPhat - SẢN PHỤ KHOA AN PHÚC | B7: 92b334f4-d9a1-11f0-a228-506b8d982279 | C7: Phòng khám sản phụ khoa An Phúc, 1106 Huỳnh Tấn Phát, Phú Mỹ, Quận 7 | D7: Tân Mỹ | E7: BRA - D035 | F7: 77531e70-3d9d-11ed-bccd-506b8dbc8dfb | G7: 60 | H7: exported 2026-04-18 | I7: BRA - D035 | J7: 10.721606 | K7: 106.73607
A8: 12434 - D7 - 6 - Phòng khám Bầu Bí | B8: 375b5352-fc1b-11ef-b754-506b8d9879b5 | C8: Phòng Khám Bầu Bí Quận 7, 11 Đ. số 6, Khu dân cư Him Lam, Quận 7, Hồ Chí Minh 72912 | D8: Tân Hưng | E8: BRA - D006 | F8: c07bc96a-3d81-11ed-989f-506b8dbc8dfb | G8: 80 | H8: exported 2026-04-18 | I8: BRA - D044 | J8: 10.742431 | K8: 106.69965
A9: 24066 - D6 - LQSung - Phòng Xét Nghiệm Y Khoa 291 | B9: f3c78e3c-d80e-11f0-8031-506b8d982279 | C9: 199/9 Đ. Lê Quang Sung, Phường 2, Quận 6, Thành phố Hồ Chí Minh | D9: Bình Tây | E9: BRA - D039 | F9: b188329c-ceec-11ee-bae4-506b8d9879b5 | G9: 70 | H9: exported 2026-04-18 | I9: BRA - D049 | J9: 10.750961 | K9: 106.64506
A10: 55464242 - CGiuoc - TL835 - Công ty TNHH chẩn đoán Y khoa Hoàng-Diệp | B10: 6f45614a-65e3-11f0-9e37-506b8d982279 | C10: PHÒNG KHÁM ĐA KHOA KỸ THUẬT CAO SÀI GÒN CẦN GIUỘC, JM27+9MM, Trương Bình, Cần Giuộc, Long An | D10: Cần Giuộc | E10: BRA - D036 | F10: a22daf7a-3d9d-11ed-8890-506b8dbc8dfb | G10: 120 | H10: exported 2026-04-18 | I10: BRA - D035 | J10: 10.600969 | K10: 106.66416
A11: 49982049 - TDuc - PChau - Nông Thị Ngọc Lan | B11: 02b8f856-f811-11ef-9724-506b8d9879b5 | C11: Thu Duc City Hospital, 29 Phú Châu, Tam Phú, Thủ Đức, Hồ Chí Minh 70000 | D11: Tam Bình | E11: BRA - D007 | F11: debfa9a0-3d81-11ed-9ba7-506b8dbc8dfb | G11: 66 | H11: exported 2026-04-18 | I11: BRA - D007 | J11: 10.86434 | K11: 106.74567
A12: 21362 - D11 - ACo - PS315 Âu Cơ | B12: 56e967fc-4626-11ed-99f2-506b8dbc8dfb | C12: 17 Âu Cơ, Phường 14, Quận 11, Thành phố Hồ Chí Minh | D12: Hòa Bình | E12: BRA - D005 | F12: c4f51f56-1ba8-11f1-9378-fa163ee8d8ac | G12: 60 | H12: exported 2026-04-18 | I12: BRA - D005 | J12: 10.769197 | K12: 106.65162
A13: 21362 - D5 - THDao - PS315 Trần Hưng Đạo | B13: de879fd6-4625-11ed-94a6-506b8dbc8dfb | C13: 472B Đ. Trần Hưng Đạo, Phường 2, Quận 5, Thành phố Hồ Chí Minh | D13: Chợ Quán | E13: BRA - D002 | F13: 7bc36d6c-3d6a-11ed-a1ac-506b8dbc8dfb | G13: 76 | H13: exported 2026-04-18 | I13: BRA - D002 | J13: 10.75599 | K13: 106.68255
A14: 21362 - D6 - BPhu - PS315 Bình Phú | B14: f80a7e92-4625-11ed-8ccf-506b8dbc8dfb | C14: 167 Bình Phú, Phường 11, Quận 6, Thành phố Hồ Chí Minh | D14: Bình Phú | E14: BRA - D039 | F14: b188329c-ceec-11ee-bae4-506b8d9879b5 | G14: 60 | H14: exported 2026-04-18 | I14: BRA - D039 | J14: 10.744399 | K14: 106.63044
... A36: 21362 - GVap - NTSon - PS315 Nguyễn Thái Sơn | B36: a8ce9492-32d4-11ef-9466-506b8d9879b5 | C36: 41 Đ. Nguyễn Thái Sơn, Phường 4, Gò Vấp, Hồ Chí Minh 70000 | D36: Hạnh Thông | E36: BRA - D040 | F36: af190f62-0ce6-11ef-ba8a-506b8d9879b5 | G36: 68 | H36: exported 2026-04-18 | I36: BRA - D020 | J36: 10.820842 | K36: 106.6837
A37: Other Doctor - VTau - 2T9 - Bs Lê Thị Thu Trang | B37: ff83b5ae-da37-11f0-aecb-506b8d982279 | C37: Vung Tau Hospital, 27 Đ. 2 Tháng 9, Phường 11, Vũng Tàu, Bà Rịa - Vũng Tàu 78220 | D37: Phước Thắng | H37: exported 2026-04-18 | I37: BRA - D023 | J37: 10.392135 | K37: 107.12989
A38: 17621 - VTau - 2/9 - Nguyễn Tấn Khôi | B38: a3ae00c4-aa08-11ee-a9dd-506b8d9879b5 | C38: Bệnh Viện Vũng Tàu, 27 Đ. 2 Tháng 9, Phường 11, Thành phố Vũng Tầu, Bà Rịa - Vũng Tàu 78220 | D38: Phước Thắng | E38: BRA - D023 | F38: c0bd4c76-3d8d-11ed-892d-506b8dbc8dfb | G38: 60 | H38: exported 2026-04-18 | I38: BRA - D023 | J38: 10.392135 | K38: 107.12989
A39: 21362 - TPhu - LBBich - PS315 Lũy Bán Bích | B39: 61c50a76-8f78-11ef-bc55-506b8d9879b5 | C39: 315 Đ. Lũy Bán Bích, Hoà Thanh, Tân Phú, Hồ Chí Minh | D39: Phú Thạnh | E39: BRA - D011 | F39: bbdd2320-3d83-11ed-a15b-506b8dbc8dfb | G39: 60 | H39: exported 2026-04-18 | I39: BRA - D005 | J39: 10.772311 | K39: 106.63188
A40: 18566 - TD1 - Yersin - Bs Ngô Nhật Linh | B40: ad47e07c-dae5-11f0-9e7c-506b8d982279 | C40: 211 Yersin, Phú Cường, Thủ Dầu Một, Bình Dương | D40: Thủ Dầu Một | E40: BRA - D014 | F40: c79d5fa2-3d85-11ed-a6db-506b8dbc8dfb | G40: 70 | H40: exported 2026-04-18 | I40: BRA - D014 | J40: 10.980303 | K40: 106.65709
A41: 22345 - BTan - BTDong - Bs Thái Kim Ngân | B41: 42197ace-1d88-11f0-904d-506b8d982279 | C41: 376 Đ. Bình Trị Đông, Bình Trị Đông, Bình Tân, Hồ Chí Minh | D41: Bình Trị Đông | E41: BRA - D043 | F41: e5c037c2-0ce9-11ef-a2d8-506b8d9879b5 | G41: 60 | H41: exported 2026-04-18 | I41: BRA - D043 | J41: 10.775517 | K41: 106.60913
A42: 21362 - D8 - NTTan - PS315 Nguyễn Thị Tần | B42: 257d2f46-4626-11ed-b926-506b8dbc8dfb | C42: 47 Nguyễn Thị Tần, Phường 2, Quận 8, Thành phố Hồ Chí Minh | D42: Chánh Hưng | E42: BRA - D027 | F42: fee8236e-3d9b-11ed-9cc5-506b8dbc8dfb | G42: 60 | H42: exported 2026-04-18 | I42: BRA - D044 | J42: 10.747967 | K42: 106.68536
A43: 21362 - D9 - LVViet - PS315 Lê Văn Việt | B43: f1da5514-4626-11ed-b3bb-506b8dbc8dfb | C43: 175 Đ. Lê Văn Việt, Hiệp Phú, Quận 9, Thành phố Hồ Chí Minh | D43: Tăng Nhơn Phú | E43: BRA - D004 | F43: 1c89cd22-3d6b-11ed-b2d6-506b8dbc8dfb | G43: 72 | H43: exported 2026-04-18 | I43: BRA - D004 | J43: 10.844619 | K43: 106.78121
A44: 45505556 - BHoa - DKhoi - PK Bác sĩ Nguyễn Ngọc Linh | B44: 38d5de78-8c0a-11ee-8788-506b8d9879b5 | C44: Phòng Khám Bs Nguyễn Ngọc Linh, 115 Đ. Đồng Khởi, Trảng Dài, Thành phố Biên Hòa, Đồng Nai | D44: Tân Triều | E44: BRA - D015 | F44: 0c0b1998-3d88-11ed-8d9a-506b8dbc8dfb | G44: 30 | H44: exported 2026-04-18 | I44: BRA - D015 | J44: 10.973664 | K44: 106.85188
A45: Code - D10 - SVHanh - Bệnh viện Nhân dân 115 | B45: 593c1fba-f28e-11ef-b292-506b8d9879b5 | C45: 115 People’s Hospital, 527 Đ. Sư Vạn Hạnh, Phường 12, Quận 10, Hồ Chí Minh | D45: Hòa Hưng | H45: exported 2026-04-18 | I45: BRA - D001 | J45: 10.773981 | K45: 106.66603
A46: 52394773 - D12 - DTMuoi - Bs Nguyễn Châu Như Hằng | B46: a4c531b8-daf2-11f0-b991-506b8d982279 | C46: Phòng khám Bác sĩ Nhi Đồng - Thiên Thần (Bác sĩ NHƯ HẰNG), 602 Thị Mười, Hiệp Thành, Quận 12, Thành phố Hồ Chí Minh | D46: Tân Thới Hiệp | E46: BRA - D022 | F46: 65d58b76-3d8c-11ed-b92b-506b8dbc8dfb | G46: 80 | H46: exported 2026-04-18 | I46: BRA - D022 | J46: 10.876252 | K46: 106.64065
A47: 50284507 - D1 - LTTrong - Thẩm Mỹ Viện Imperial Care | B47: be74d176-452d-11ed-a31e-506b8dbc8dfb | C47: Thẩm mỹ viện IMPERIAL CARE, 1 Lý Tự Trọng, Bến Nghé, Quận 1, Thành phố Hồ Chí Minh | D47: Sài Gòn | E47: BRA - D018 | F47: 8d623ace-3d8a-11ed-87cc-506b8dbc8dfb | G47: 30 | H47: exported 2026-04-18 | I47: BRA - D018 | J47: 10.782497 | K47: 106.70544
A48: 46651876 - NBe - LVLuong - ND315 Lê Văn Lương | B48: dc1cec40-ef44-11ef-b4d7-506b8d9879b5 | C48: 902 Đ. Lê Văn Lương, Phước Kiển, Nhà Bè, Hồ Chí Minh 70000 | D48: Nhà Bè | E48: BRA - D006 | F48: c07bc96a-3d81-11ed-989f-506b8dbc8dfb | G48: 60 | H48: exported 2026-04-18 | I48: BRA - D006 | J48: 10.71518 | K48: 106.70038
A49: 18197 - TAn - TL827 - Đặng Thị Dung | B49: 2fb9839c-ee27-11ee-8079-506b8d9879b5 | C49: Chuyên Sản-Phụ Khoa BS. Đặng Thị Dung, Số 327, tỉnh lộ 827, thị trấn Tầm Vu, huyện Châu Thành, tỉnh Long An, TT. Tầm Vu, Tân An, Long An 851814 | D49: Tầm Vu | E49: BRA - D036 | F49: a22daf7a-3d9d-11ed-8890-506b8dbc8dfb | G49: 60 | H49: exported 2026-04-18 | I49: BRA - D036 | J49: 10.438952 | K49: 106.47101
A50: 13h - 19/2 - Nguyễn Thị Mỹ Hạnh | B50: e2f3b452-ee88-11ef-a12e-506b8d9879b5 | C50: 10.764001340485477, 106.76028216677364 | D50: Cát Lái | H50: exported 2026-04-18 | I50: BRA - D037 | J50: 10.764656 | K50: 106.75761
A51: 46539807 - D10 - NQuyen - Phòng Khám Trung Tâm Điều Trị Bệnh Hô Hấp Phổi Việt | B51: 7057c384-4471-11ed-97eb-506b8dbc8dfb | C51: Respiratory clinic Lung Vietnam, 20 Đ. Ng. Quyền, Phường 5, Quận 10, Thành phố Hồ Chí Minh | D51: Diên Hồng | E51: BRA - D001 | F51: 3927b076-3af9-11ed-b939-506b8dbc8dfb | G51: 30 | H51: exported 2026-04-18 | I51: BRA - D002 | J51: 10.759758 | K51: 106.6656
A52: 46651876 - TBinh - TChinh - ND315 Trường Chinh | B52: ed7827b2-4621-11ed-9c75-506b8dbc8dfb | C52: 490 Trường Chinh, Phường 13, Tân Bình, Thành phố Hồ Chí Minh | D52: Tân Bình | E52: BRA - D011 | F52: bbdd2320-3d83-11ed-a15b-506b8dbc8dfb | G52: 60 | H52: exported 2026-04-18 | I52: BRA - D011 | J52: 10.801187 | K52: 106.63811
A53: 46651876 - TPhu - NSon - ND315 Nguyễn Sơn | B53: 619c943a-4621-11ed-a633-506b8dbc8dfb | C53: 98 Nguyễn Sơn, Phú Thọ Hoà, Tân Phú, Thành phố Hồ Chí Minh | D53: Phú Thọ Hòa | E53: BRA - D011 | F53: bbdd2320-3d83-11ed-a15b-506b8dbc8dfb | G53: 60 | H53: exported 2026-04-18 | I53: BRA - D011 | J53: 10.781752 | K53: 106.63059
A54: 53533721 - D7 - 6 - Vina Healthcare | B54: 9e4b3a62-49fa-11ed-a045-506b8dbc8dfb | C54: Vina Healthcare Phu My Hung, R4, Hung, Q7, 30 66 Đường số 6, Phú Mỹ, Quận 7, Thành phố Hồ Chí Minh | D54: Tân Hưng | E54: BRA - D006 | F54: c07bc96a-3d81-11ed-989f-506b8dbc8dfb | G54: 68 | H54: exported 2026-04-18 | I54: BRA - D006 | J54: 10.730237 | K54: 106.70721
A55: 49630570 - D10 - 3/2 - Nha Khoa Quoc Te UMIDENTIST | B55: 7808a040-4470-11ed-af6e-506b8dbc8dfb | C55: UMI Dentist Nha Khoa Quốc Tế Thẩm Mỹ Điều Trị Uy Tín, 58 Đ. 3/2, Phường 12, Quận 10, Thành phố Hồ Chí Minh | D55: Hòa Hưng | E55: BRA - D001 | F55: 3927b076-3af9-11ed-b939-506b8dbc8dfb | G55: 30 | H55: exported 2026-04-18 | I55: BRA - D000 | J55: 10.776962 | K55: 106.68044
A56: 46776705 - GVap - 9 - Phòng Khám Happy Baby | B56: 6c62e5e4-f1b0-11ef-a54c-506b8d9879b5 | C56: Phòng khám Happy Baby Gò Vấp, 26 Đ. Số 9, Khu Dân Cư Cityland Park Hills, Gò Vấp, Hồ Chí Minh | D56: Gò Vấp | E56: BRA - D022 | F56: 65d58b76-3d8c-11ed-b92b-506b8dbc8dfb | G56: 68 | H56: exported 2026-04-18 | I56: BRA - D040 | J56: 10.837835 | K56: 106.66916
A57: 50647370 - BTan - TLua - Phòng khám Tên Lửa (BS Phạm Hữu Tiền) | B57: 204ac0f6-3ced-11ee-a634-506b8d9879b5 | C57: Phòng khám BS PHẠM HỮU TIỀN - CK TAI MŨI HỌNG (Nhi đồng và Người lớn), 163 Tên Lửa, Bình Trị Đông B, Bình Tân, Thành phố Hồ Chí Minh | D57: An Lạc | E57: BRA - D010 | F57: 9a15e7a4-3d83-11ed-be4e-506b8dbc8dfb | G57: 69 | H57: exported 2026-04-18 | I57: BRA - D010 | J57: 10.74726 | K57: 106.61189
A58: 20292 - TDuc - 20 - Vương Đình Hoàng Dũng | B58: 13b12d16-cfa1-11ee-a359-506b8d9879b5 | C58: Opal Garden Apartment, RPGF+R7P, Đ. Số 20, Khu phố 4, Thủ Đức, Thành phố Hồ Chí Minh | D58: Hiệp Bình | E58: BRA - D007 | F58: debfa9a0-3d81-11ed-9ba7-506b8dbc8dfb | G58: 66 | H58: exported 2026-04-18 | I58: BRA - D051 | J58: 10.826911 | K58: 106.7231
A59: 20292 - TDuc - 28 - Vương Đình Hoàng Dũng | B59: fc8b3b2c-cfa0-11ee-910e-506b8d9879b5 | C59: 54 Đường 28, Hiệp Bình Chánh, Thủ Đức, Thành phố Hồ Chí Minh | D59: Hiệp Bình | E59: BRA - D007 | F59: debfa9a0-3d81-11ed-9ba7-506b8dbc8dfb | G59: 66 | H59: exported 2026-04-18 | I59: BRA - D051 | J59: 10.822979 | K59: 106.72285
A60: 51546459 - D7 - 17 - Trịnh Hữu Phước | B60: 96d75cc8-c2ff-11ee-b152-506b8d9879b5 | C60: 52 Số 17, Tân Quy, Quận 7, Thành phố Hồ Chí Minh | D60: Tân Hưng | E60: BRA - D006 | F60: c07bc96a-3d81-11ed-989f-506b8dbc8dfb | G60: 68 | H60: exported 2026-04-18 | I60: BRA - D006 | J60: 10.745095 | K60: 106.71256
A61: 20293 - TD1 - PNThach - Phòng khám sản phụ khoa nguyễn Quốc Thái | B61: d8d6e692-4531-11f0-a968-506b8d982279 | C61: Bệnh Viện Đa Khoa tỉnh Bình Dương, 5 Phạm Ngọc Thạch, Hiệp Thành, Thủ Dầu Một, Bình Dương | D61: Phú Lợi | E61: BRA - D014 | F61: c79d5fa2-3d85-11ed-a6db-506b8dbc8dfb | G61: 90 | H61: exported 2026-04-18 | I61: BRA - D014 | J61: 10.996742 | K61: 106.65639
A62: 20297 - D9 - HHNam - Bs Bùi Trần Công | B62: 1cf8da08-591d-11ef-b79a-506b8d9879b5 | C62: 204 Hoàng Hữu Nam, Long Thạnh Mỹ, Quận 9, Hồ Chí Minh | D62: Tăng Nhơn Phú | E62: BRA - D004 | F62: 1c89cd22-3d6b-11ed-b2d6-506b8dbc8dfb | G62: 87 | H62: exported 2026-04-18 | I62: BRA - D004 | J62: 10.858777 | K62: 106.81361
... A64: 20931 - TPhu - TChinh - Trung Tâm Y Khoa Hoàn Mỹ - Tân Phú | B64: 6d7bd3da-27a0-11ef-bc8c-506b8d9879b5 | C64: Trung tâm Y khoa Hoàn Mỹ Tân Phú, 1/1 Đ. Trường Chinh, Tây Thạnh, Tân Phú, Thành phố Hồ Chí Minh | D64: Tây Thạnh | E64: BRA - D011 | F64: bbdd2320-3d83-11ed-a15b-506b8dbc8dfb | G64: 60 | H64: exported 2026-04-18 | I64: BRA - D011 | J64: 10.806486 | K64: 106.6342
A65: 13h45 18/2 Lương Văn Quen | B65: 237c36dc-edb4-11ef-a696-506b8d9879b5 | C65: Bệnh viện Lê Văn Thịnh, 130 Đường Lê Văn Thịnh, Phường Bình Trưng Tây, Thành phố Thủ Đức, Hồ Chí Minh | D65: Tân Sơn Nhì | H65: exported 2026-04-18 | I65: BRA - D011 | J65: 10.796192 | K65: 106.63433
A66: 13h 18/2 Dưong Trọng Nghĩa | B66: 807afaf0-edb2-11ef-b6cf-506b8d9879b5 | C66: 3/34 THÍCH QUẢNG ĐỨC P3 QUẬN PHÚ NHUẬN | D66: Tân Sơn Nhì | H66: exported 2026-04-18 | I66: BRA - D011 | J66: 10.796192 | K66: 106.63433
A67: PSC drop | B67: 81442664-ed30-11ef-8a28-506b8d9879b5 | C67: Phường Hưng Phú, District 8, Ho Chi Minh City | D67: Chánh Hưng | H67: exported 2026-04-18 | I67: BRA - D027 | J67: 10.746293 | K67: 106.66895
A68: 24179 - GVap - PVChieu - Công ty cổ phần 5S Sài Gòn | B68: 2638d310-dc8a-11f0-86d6-506b8d982279 | C68: Nha Khoa 5S - Gò Vấp, 248 Đ. Phạm Văn Chiêu, Phường 8, Gò Vấp, Thành phố Hồ Chí Minh 700000 | D68: Thông Tây Hội | E68: BRA - D020 | F68: 27eaf120-3d8c-11ed-9f85-506b8dbc8dfb | G68: 60 | H68: exported 2026-04-18 | I68: BRA - D022 | J68: 10.848632 | K68: 106.64918
A69: 17224 - D8 - CLo - Bs Nguyễn Phương Nam | B69: d4306382-ecd2-11ef-8e19-506b8d9879b5 | C69: District 8 Hospital, 82 Đ. Cao Lỗ, Phường 4, Quận 8, Hồ Chí Minh | D69: Chánh Hưng | E69: BRA - D027 | F69: fee8236e-3d9b-11ed-9cc5-506b8dbc8dfb | G69: 60 | H69: exported 2026-04-18 | I69: BRA - D027 | J69: 10.741667 | K69: 106.67639
A70: 443 TRẦN HƯNG ĐẠO PHƯỜNG 14 QUẬN 5 | B70: 95a66c3e-ece5-11ef-a33d-506b8d9879b5 | C70: Diag Laboratories, 414, 420 Đ. Cao Thắng, Phường 12, Quận 10, Thành phố Hồ Chí Minh 72510 | D70: Hòa Hưng | H70: exported 2026-04-18 | I70: BRA - D001 | J70: 10.775086 | K70: 106.67271
A71: 16113 - D8 - TTVuong - Bs Nguyễn Thị Ánh Huyền | B71: b5d7b2e8-18d6-11f0-b72e-506b8d982279 | C71: 379 Đ.Tùng Thiện Vương, Phường Xóm Củi, Quận 8, Hồ Chí Minh | D71: Phú Định | E71: BRA - D027 | F71: fee8236e-3d9b-11ed-9cc5-506b8dbc8dfb | G71: 60 | H71: exported 2026-04-18 | I71: BRA - D049 | J71: 10.74563 | K71: 106.65891
A72: 21580 - TDuc - PChau - Lê Thị Thúy Ngọc | B72: 36d79306-d8bb-11ef-bddf-506b8d9879b5 | C72: Bệnh Viện Thành Phố Thủ Đức, 29 Phú Châu, Tam Phú, Thủ Đức, Hồ Chí Minh 70000 | D72: Tam Bình | E72: BRA - D007 | F72: debfa9a0-3d81-11ed-9ba7-506b8dbc8dfb | G72: 66 | H72: exported 2026-04-18 | I72: BRA - D007 | J72: 10.86434 | K72: 106.74567
A73: 22137 - TDuc - PChau - Trần Quốc Tuấn | B73: a38568b8-eb38-11ef-b51d-506b8d9879b5 | C73: Thu Duc City Hospital, 29 Phú Châu, Tam Phú, Thủ Đức, Hồ Chí Minh 70000 | D73: Tam Bình | E73: BRA - D007 | F73: debfa9a0-3d81-11ed-9ba7-506b8dbc8dfb | G73: 51 | H73: exported 2026-04-18 | I73: BRA - D007 | J73: 10.86434 | K73: 106.74567
A74: 22327 - MTho - HVuong - Trung Tâm Y Tế Thành Phố Mỹ Tho | B74: 560d5274-edd8-11ef-872f-506b8d9879b5 | C74: 64 Đ. Hùng Vương, Phường 7, Mỹ Tho, Tiền Giang | D74: Mỹ Tho | E74: BRA - D021 | F74: 47cc1bf4-3d8c-11ed-95fc-506b8dbc8dfb | G74: 30 | H74: exported 2026-04-18 | I74: BRA - D021 | J74: 10.364671 | K74: 106.36499
A75: 18215 - TAn - QL1A - Phạm Thị Diễm Kiều | B75: d1fc95cc-e1c4-11ef-90a5-506b8d9879b5 | C75: Vạn An Hospital, 352 QL1A, AP 4, Tân An, Long An 82109 | D75: Long An | E75: BRA - D036 | F75: a22daf7a-3d9d-11ed-8890-506b8dbc8dfb | G75: 60 | H75: exported 2026-04-18 | I75: BRA - D036 | J75: 10.558931 | K75: 106.4136
A76: 50811083 - DAn - PBChau - Phòng Khám Sản Phụ Khoa Kim Liên | B76: 4936ea3c-452f-11ed-84fc-506b8dbc8dfb | C76: Phòng Khám Sản Phụ Khoa Kim Liên, 9, 4 Phan Bội Châu, Dĩ An, Bình Dương | D76: Dĩ An | E76: BRA - D016 | F76: f61cca44-3d89-11ed-b141-506b8dbc8dfb | G76: 30 | H76: exported 2026-04-18 | I76: BRA - D016 | J76: 10.913697 | K76: 106.76879
A77: 50212185 - BTan - 11A - BS Đặng Thị Tuyết Nga | B77: b5eb7202-4542-11ed-b44a-506b8dbc8dfb | C77: 56 Đường số 11A, Bình Trị Đông B, Bình Tân, Thành phố Hồ Chí Minh | D77: An Lạc | E77: BRA - D010 | F77: 9a15e7a4-3d83-11ed-be4e-506b8dbc8dfb | G77: 54 | H77: exported 2026-04-18 | I77: BRA - D010 | J77: 10.746719 | K77: 106.61324
A78: 50863757 - TBinh - THai - MT 3757 | B78: 34c9617a-4ab5-11ed-b0c6-506b8dbc8dfb | C78: Phòng khám CarePlus - Tân Bình, 107 Tân Hải, Phường 13, Tân Bình, Thành phố Hồ Chí Minh | D78: Tân Bình | E78: BRA - D011 | F78: bbdd2320-3d83-11ed-a15b-506b8dbc8dfb | G78: 60 | H78: exported 2026-04-18 | I78: BRA - D011 | J78: 10.802601 | K78: 106.63842
A79: 51989483 - BHoa - DXien - BỆNH VIỆN ÂU CƠ | B79: 04a3f214-453b-11ed-8d0e-506b8dbc8dfb | C79: Au Co Hospital, 47/19A Điểu Xiển, KP5B, Tân Biên, Thành phố Biên Hòa, Đồng Nai | D79: Long Bình | E79: BRA - D015 | F79: 0c0b1998-3d88-11ed-8d9a-506b8dbc8dfb | G79: 45 | H79: exported 2026-04-18 | I79: BRA - D015 | J79: 10.962806 | K79: 106.88707
A80: 46651876 - BTan - TL10 - ND315 Tỉnh Lộ 10 | B80: 46bb67d6-4621-11ed-908d-506b8dbc8dfb | C80: 1283 TL10, Tân Tạo, Bình Tân, Thành phố Hồ Chí Minh | D80: Tân Tạo | E80: BRA - D010 | F80: 9a15e7a4-3d83-11ed-be4e-506b8dbc8dfb | G80: 69 | H80: exported 2026-04-18 | I80: BRA - D010 | J80: 10.75644 | K80: 106.59143
A81: 46651876 - BTan - LVQuoi - ND315 Lê Văn Quới | B81: 0d517404-4621-11ed-8c7f-506b8dbc8dfb | C81: 482 Lê Văn Quới, Bình Trị Đông A, Bình Tân, Thành phố Hồ Chí Minh | D81: Bình Trị Đông | E81: BRA - D043 | F81: e5c037c2-0ce9-11ef-a2d8-506b8d9879b5 | G81: 69 | H81: exported 2026-04-18 | I81: BRA - D043 | J81: 10.776559 | K81: 106.60491
A82: 46651876 - BTan - TLua - ND315 294 Tên Lửa | B82: f9b7b020-4620-11ed-a3ea-506b8dbc8dfb | C82: 294 Tên Lửa, Bình Trị Đông B, Bình Tân, Thành phố Hồ Chí Minh | D82: An Lạc | E82: BRA - D010 | F82: 9a15e7a4-3d83-11ed-be4e-506b8dbc8dfb | G82: 69 | H82: exported 2026-04-18 | I82: BRA - D010 | J82: 10.749988 | K82: 106.61135
... A85: 15044 - TD1 - PNThach - Đỗ Thị Mỹ Huyền | B85: fa87ff92-4ac0-11ed-b0dd-506b8dbc8dfb | C85: Bệnh viện đa khoa 512 giường, 5 Phạm Ngọc Thạch, Hiệp Thành, Thủ Dầu Một, Bình Dương | D85: Phú Lợi | E85: BRA - D014 | F85: c79d5fa2-3d85-11ed-a6db-506b8dbc8dfb | G85: 60 | H85: exported 2026-04-18 | I85: BRA - D014 | J85: 10.996889 | K85: 106.65654
A86: 3PL - TOT2 | B86: 6fdd3dd0-d19b-11ef-99b0-506b8d9879b5 | C86: 153, 62 QL13, Phường 26, Bình Thạnh, Hồ Chí Minh | D86: Bình Thạnh | H86: exported 2026-04-18 | I86: BRA - D046 | J86: 10.816503 | K86: 106.71132
A87: 53495532 - BHoa - BVHoa - Phòng Khám Bé Bé Yêu | B87: bd2f05c8-4543-11ed-a63c-506b8dbc8dfb | C87: 1133 Đ. Bùi Văn Hòa, Long Bình Tân, Thành phố Biên Hòa, Đồng Nai | D87: Long Bình | E87: BRA - D015 | F87: 0c0b1998-3d88-11ed-8d9a-506b8dbc8dfb | G87: 45 | H87: exported 2026-04-18 | I87: BRA - D015 | J87: 10.907687 | K87: 106.89003
A88: 54804759 - TPhu - TKTQuy - PHÒNG KHÁM ĐA KHOA VẠN XUÂN | B88: 7a3b43a4-4a01-11ed-90e7-506b8dbc8dfb | C88: Phòng Khám Đa Khoa Vạn Xuân, 366 Tân Kỳ Tân Quý, Sơn Kỳ, Tân Phú, Thành phố Hồ Chí Minh 18812 | D88: Tây Thạnh | E88: BRA - D011 | F88: bbdd2320-3d83-11ed-a15b-506b8dbc8dfb | G88: 60 | H88: exported 2026-04-18 | I88: BRA - D011 | J88: 10.800381 | K88: 106.62121
A89: 40979530 - D10 - 3/2 - Phòng Khám Đa Khoa Hạnh Phúc 3/2 | B89: a29852d8-4538-11ed-8253-506b8dbc8dfb | C89: 446A Đ. 3/2, Phường 12, Quận 10, Thành phố Hồ Chí Minh | D89: Hòa Hưng | E89: BRA - D001 | F89: 3927b076-3af9-11ed-b939-506b8dbc8dfb | G89: 60 | H89: exported 2026-04-18 | I89: BRA - D001 | J89: 10.768869 | K89: 106.66843
A90: 49953865 - TDuc - 6 - CHÂU HOÀNG SINH | B90: de1faa60-452c-11ed-8669-506b8dbc8dfb | C90: 84a Đ. số 6, Tam Phú, Thủ Đức, Thành phố Hồ Chí Minh | D90: Tam Bình | E90: BRA - D007 | F90: debfa9a0-3d81-11ed-9ba7-506b8dbc8dfb | G90: 66 | H90: exported 2026-04-18 | I90: BRA - D007 | J90: 10.864588 | K90: 106.74765
A91: 40664066 - D3 - NKKNghia - Raffles Medical HCM | B91: 7972e7d4-446f-11ed-80c1-506b8dbc8dfb | C91: Raffles Medical International Clinic in Ho Chi Minh (ラッフルズメディカルホーチミンクリニック), 167A Đ. Nam Kỳ Khởi Nghĩa, Võ Thị Sáu, Quận 3, Thành phố Hồ Chí Minh | D91: Xuân Hòa | E91: BRA - D001 | F91: 3927b076-3af9-11ed-b939-506b8dbc8dfb | G91: 69 | H91: exported 2026-04-18 | I91: BRA - D045 | J91: 10.783807 | K91: 106.69002
A92: 46651876 - D6 - DNCan - ND315 Đặng Nguyên Cẩn | B92: e2bead98-461f-11ed-aad5-506b8dbc8dfb | C92: 80 Đặng Nguyên Cẩn, Phường 13, Quận 6, Thành phố Hồ Chí Minh | D92: Phú Lâm | E92: BRA - D039 | F92: b188329c-ceec-11ee-bae4-506b8d9879b5 | G92: 60 | H92: exported 2026-04-18 | I92: BRA - D039 | J92: 10.755888 | K92: 106.63228
A93: 46651876 - D6 - NVLuong - ND315 Nguyễn Văn Luông | B93: cc4cf010-461f-11ed-8f40-506b8dbc8dfb | C93: 260f Đ. Nguyễn Văn Luông, Phường 11, Quận 6, Thành phố Hồ Chí Minh 70000 | D93: Bình Phú | E93: BRA - D039 | F93: b188329c-ceec-11ee-bae4-506b8d9879b5 | G93: 60 | H93: exported 2026-04-18 | I93: BRA - D039 | J93: 10.747499 | K93: 106.63526
A94: 46651876 - D6 - HGiang - ND315 Hậu Giang | B94: b53f8874-461f-11ed-ac01-506b8dbc8dfb | C94: 187 Đ. Hậu Giang, Phường 5, Quận 6, Thành phố Hồ Chí Minh | D94: Bình Tây | E94: BRA - D039 | F94: b188329c-ceec-11ee-bae4-506b8d9879b5 | G94: 60 | H94: exported 2026-04-18 | I94: BRA - D049 | J94: 10.749455 | K94: 106.64506
A95: 54932751 - TDuc - VVNgan - Trần Thị Nguyệt Nga | B95: 28f59dd2-4ab0-11ed-9ab3-506b8dbc8dfb | C95: 191 Đ. Võ Văn Ngân, Linh Chiểu, Thủ Đức, Thành phố Hồ Chí Minh | D95: Thủ Đức | E95: BRA - D007 | F95: debfa9a0-3d81-11ed-9ba7-506b8dbc8dfb | G95: 66 | H95: exported 2026-04-18 | I95: BRA - D004 | J95: 10.851196 | K95: 106.76283
A96: 21546 - D10 - LTKiet - Bs Nguyễn Duy Quang | B96: dd47fd82-d16a-11ef-9be0-506b8d9879b5 | C96: Phòng Khám Thẩm Mỹ Tony An An | Chuyên Cân Chỉnh Khuôn Mặt Quận 10, 324/12 Lý Thường Kiệt, Phường 14, Quận 10, Hồ Chí Minh 72506 | D96: Diên Hồng | E96: BRA - D047 | F96: 21415bde-73db-11ef-8478-506b8d9879b5 | G96: 30 | H96: exported 2026-04-18 | I96: BRA - D047 | J96: 10.769119 | K96: 106.65935
A97: 21583 - TDuc - PChau - Trần Minh Châu | B97: f19e239a-d53b-11ef-9dff-506b8d9879b5 | C97: Thu Duc City Hospital, 29 Phú Châu, Tam Phú, Thủ Đức, Hồ Chí Minh 70000 | D97: Tam Bình | E97: BRA - D007 | F97: debfa9a0-3d81-11ed-9ba7-506b8dbc8dfb | G97: 66 | H97: exported 2026-04-18 | I97: BRA - D007 | J97: 10.86434 | K97: 106.74567
A98: 21586 - TDuc - PChau - Bùi Ngọc Huy | B98: c364f352-d3b8-11ef-b567-506b8d9879b5 | C98: Thu Duc City Hospital, 29 Phú Châu, Tam Phú, Thủ Đức, Hồ Chí Minh 70000 | D98: Tam Bình | E98: BRA - D007 | F98: debfa9a0-3d81-11ed-9ba7-506b8dbc8dfb | G98: 66 | H98: exported 2026-04-18 | I98: BRA - D007 | J98: 10.86434 | K98: 106.74567
A99: 46647792 - BTan - 7 - Phòng khám Sản phụ khoa Bs Quốc Bảo- BS Nhật Lệ | B99: 5dd46f6a-0ba7-11ef-9286-506b8d9879b5 | C99: 209 Đường số 7, Bình Trị Đông B, Bình Tân, Thành phố Hồ Chí Minh | D99: An Lạc | E99: BRA - D010 | F99: 9a15e7a4-3d83-11ed-be4e-506b8dbc8dfb | G99: 69 | H99: exported 2026-04-18 | I99: BRA - D010 | J99: 10.75148 | K99: 106.6144
A100: 15530 - TDuc - DS20 - BS Hồ Nguyên Tiến | B100: a5983e9a-dd91-11f0-a71e-506b8d982279 | C100: Opal Garden Apartment, Đ. Số 20, Khu phố 4, Thủ Đức, Thành phố Hồ Chí Minh 700000 | D100: Hiệp Bình | H100: exported 2026-04-18 | I100: BRA - D051 | J100: 10.827003 | K100: 106.72297
A101: 24048 - D10 - HDKhuong - Nha Khoa Wilson Dentistry | B101: 387d2ed2-de5f-11f0-84a0-506b8d982279 | C101: 37 Hoàng Dư Khương, Phường 12, Quận 10, Thành phố Hồ Chí Minh 700000 | D101: Hòa Hưng | E101: BRA - D001 | F101: 3927b076-3af9-11ed-b939-506b8dbc8dfb | G101: 40 | H101: exported 2026-04-18 | I101: BRA - D001 | J101: 10.776052 | K101: 106.67185
A102: 46648063 - GVap - TNhat - BV Hồng Đức | B102: 30cc7046-c67b-11ef-80bd-506b8d9879b5 | C102: Hong Duc III Hospital, 32/2 Đ. Thống Nhất, Phường 10, Gò Vấp, Hồ Chí Minh | D102: Gò Vấp | E102: BRA - D022 | F102: 65d58b76-3d8c-11ed-b92b-506b8dbc8dfb | G102: 53 | H102: exported 2026-04-18 | I102: BRA - D040 | J102: 10.833059 | K102: 106.66454
A103: 21857 - TDuc - PChau - Phạm Xuân Vinh | B103: 8b214fbe-cb29-11ef-adf4-506b8d9879b5 | C103: Bệnh Viện Thành Phố Thủ Đức, 29 Phú Châu, Tam Phú, Thủ Đức, Hồ Chí Minh 70000 | D103: Tam Bình | E103: BRA - D006 | F103: c07bc96a-3d81-11ed-989f-506b8dbc8dfb | G103: 68 | H103: exported 2026-04-18 | I103: BRA - D007 | J103: 10.86434 | K103: 106.74567
A104: 21070 - D10 - TThai - Công Ty Cổ Phần Sức Khoẻ Nam Giới | B104: 6aec0b28-c8f2-11ef-a575-506b8d9879b5 | C104: Trung tâm sức khỏe Nam giới Men's Health, 7b/31 Hẻm, 7B Thành Thái, Phường 14, Quận 10, Hồ Chí Minh | D104: Diên Hồng | E104: BRA - D001 | F104: 3927b076-3af9-11ed-b939-506b8dbc8dfb | G104: 30 | H104: exported 2026-04-18 | I104: BRA - D047 | J104: 10.769125 | K104: 106.66155
A105: 46113753 - BChanh - NHTri - Trần Nguyễn Xuân Tin | B105: 60ca531c-142d-11f0-8bf6-506b8d982279 | C105: Phòng Khám Sản Phụ Khoa An Linh, Nguyễn Hữu Trí, tt. Tân Túc, Bình Chánh, Ho Chi Minh City, Vietnam | D105: Tân Nhựt | E105: BRA - D010 | F105: 9a15e7a4-3d83-11ed-be4e-506b8dbc8dfb | G105: 60 | H105: exported 2026-04-18 | I105: BRA - D010 | J105: 10.693756 | K105: 106.58018
A106: 51578786 - BCat - D1 - PHÒNG KHÁM ĐA KHOA TRẦN ĐỨC MINH | B106: 5686c49a-8ada-11ee-bde1-506b8d9879b5 | C106: Phòng Khám Đa Khoa Trần Đức Minh, 4JJ3+29W, Mỹ Phước, Bến Cát, Binh Duong | D106: Long Nguyên | E106: BRA - D014 | F106: c79d5fa2-3d85-11ed-a6db-506b8dbc8dfb | G106: 100 | H106: exported 2026-04-18 | I106: BRA - D014 | J106: 11.13011 | K106: 106.60345
A107: 46651876 - D3 - TQThao - ND315 Trần Quốc Thảo | B107: 66cbf49e-461e-11ed-8092-506b8dbc8dfb | C107: 148 Trần Quốc Thảo, Võ Thị Sáu, Quận 3, Thành phố Hồ Chí Minh 70000 | D107: Xuân Hòa | E107: BRA - D018 | F107: 8d623ace-3d8a-11ed-87cc-506b8dbc8dfb | G107: 69 | H107: exported 2026-04-18 | I107: BRA - D050 | J107: 10.785292 | K107: 106.6828
A108: 42052456 - D7 - NLBang - FRANCO-VIETNAMESE | B108: a307b03e-49fb-11ed-84f1-506b8dbc8dfb | C108: FV Hospital, 6 Nguyễn Lương Bằng, Tân Phú, Quận 7, Thành phố Hồ Chí Minh | D108: Tân Mỹ | E108: BRA - D006 | F108: c07bc96a-3d81-11ed-989f-506b8dbc8dfb | G108: 38 | H108: exported 2026-04-18 | I108: BRA - D006 | J108: 10.732503 | K108: 106.71801
A109: 46651876 - TDuc - HBinh - ND315 Hiệp Bình | B109: 4f7acefe-4624-11ed-8c39-506b8dbc8dfb | C109: 179 Đ. Hiệp Bình, Hiệp Bình Chánh, Thủ Đức, Thành phố Hồ Chí Minh | D109: Hiệp Bình | E109: BRA - D007 | F109: debfa9a0-3d81-11ed-9ba7-506b8dbc8dfb | G109: 66 | H109: exported 2026-04-18 | I109: BRA - D007 | J109: 10.845143 | K109: 106.72742
A110: 42460373 - D7 - NVLinh - Victoria Y Tế Phát Triển | B110: 9c4baa50-4476-11ed-9fc8-506b8dbc8dfb | C110: Phòng khám Quốc tế Victoria Healthcare, Sky Garden 1, 1056 Đ. Nguyễn Văn Linh, Phú Mỹ Hưng, Quận 7, Thành phố Hồ Chí Minh 70000 | D110: Tân Hưng | E110: BRA - D006 | F110: c07bc96a-3d81-11ed-989f-506b8dbc8dfb | G110: 68 | H110: exported 2026-04-18 | I110: BRA - D006 | J110: 10.729432 | K110: 106.70437
A111: 46651876 - D7 - NTThap - ND315 Nguyễn Thị Thập | B111: faecc7ba-461f-11ed-8f50-506b8dbc8dfb | C111: 106 Nguyễn Thị Thập, Bình Thuận, Quận 7, Thành phố Hồ Chí Minh | D111: Tân Thuận | E111: BRA - D006 | F111: c07bc96a-3d81-11ed-989f-506b8dbc8dfb | G111: 68 | H111: exported 2026-04-18 | I111: BRA - D006 | J111: 10.738155 | K111: 106.72111
A112: 10593 - D12 - TTNhat - Phạm Vĩnh Anh Tú | B112: 381ba9f4-4548-11ed-ae37-506b8dbc8dfb | C112: 57 Tân Thới Nhất 1, Tân Thới Nhất, Quận 12, Thành phố Hồ Chí Minh | D112: Đông Hưng Thuận | E112: BRA - D022 | F112: 65d58b76-3d8c-11ed-b92b-506b8dbc8dfb | G112: 75 | H112: exported 2026-04-18 | I112: BRA - D009 | J112: 10.832409 | K112: 106.61534
... A138: 46558485 - D9 - 9 - BS. Nguyễn Thị Thanh Bình | B138: 3aedde64-dfc2-11f0-9010-506b8d982279 | C138: 9 Đường số 9, Long Thạnh Mỹ, Thủ Đức | D138: Tăng Nhơn Phú | E138: BRA - D009 | F138: 7e6eb83c-3d83-11ed-b414-506b8dbc8dfb | G138: 60 | H138: exported 2026-04-18 | I138: BRA - D004 | J138: 10.847097 | K138: 106.8166
A139: Warehouse - D002 | B139: 90dd6f94-e097-11f0-86ea-506b8d982279 | C139: Trung Tâm Y Khoa Diag - Trần Phú, 309 Đường Trần Phú, Phường 3, Quận 5, Thành phố Hồ Chí Minh 72710 | D139: An Đông | H139: exported 2026-04-18 | I139: BRA - D002 | J139: 10.75642 | K139: 106.6734
A140: 24224 - D2 - QHuong - CÔNG TY CỔ PHẦN CÔNG NGHỆ Y TẾ NHẬT VIỆT | B140: a741cc82-e09a-11f0-a44c-506b8d982279 | C140: NURA - Pearl Center - Thao Dien Pearl, 12 Quốc Hương, Thảo Điền, Thủ Đức, Thành phố Hồ Chí Minh 700900 | D140: An Khánh | E140: BRA - D019 | F140: a693faa0-3d8a-11ed-9fed-506b8dbc8dfb | G140: 70 | H140: exported 2026-04-18 | I140: BRA - D051 | J140: 10.80128 | K140: 106.73287
A141: 20023 - BChanh - VTChi - Võ Phạm Huỳnh Như | B141: ac84a39a-9f3c-11ef-8495-506b8d9879b5 | C141: Bệnh viện Nhi Đồng Thành Phố, 15 Đ. Võ Trần Chí, Tân Kiên, Bình Chánh, Hồ Chí Minh 71815 | D141: Tân Nhựt | E141: BRA - D010 | F141: 9a15e7a4-3d83-11ed-be4e-506b8dbc8dfb | G141: 60 | H141: exported 2026-04-18 | I141: BRA - D010 | J141: 10.708722 | K141: 106.5741
A142: 21626 - TPhu - CKeo - Phòng Khám Chuyên Khoa Nhà Thuốc 99 | B142: eb68666c-a592-11ef-b072-506b8d9879b5 | C142: Trung tâm Nam Khoa 99 - Cắt Bao Quy Đầu Sài Gòn, 99 Cây Keo, Phú Thạnh, Tân Phú, Hồ Chí Minh 72013 | D142: Phú Thạnh | E142: BRA - D011 | F142: bbdd2320-3d83-11ed-a15b-506b8dbc8dfb | G142: 30 | H142: exported 2026-04-18 | I142: BRA - D005 | J142: 10.771686 | K142: 106.62872
A143: 22006 - HMon - QL22 - Nha Khoa Ngọc Dung | B143: 0e28662a-a327-11ef-b7ef-506b8d9879b5 | C143: Nha Khoa Ngọc Dung, Ấp Tân Tiến/8/3 Ấp Tân Tiến, Xuân Thới Đông, Hóc Môn, Hồ Chí Minh 70000 | D143: Xuân Thới Sơn | E143: BRA - D033 | F143: 24b9b3d6-3d9d-11ed-b9a1-506b8dbc8dfb | G143: 30 | H143: exported 2026-04-18 | I143: BRA - D033 | J143: 10.868937 | K143: 106.59739
A144: 22221 - D7 - HTPhat - PK BS Trần Thị Kim Liên | B144: fc2b4e76-ad83-11ef-b1f0-506b8d9879b5 | C144: 502/11/13 Huỳnh Tấn Phát, Bình Thuận, Quận 7, Hồ Chí Minh 70000 | D144: Tân Thuận | E144: BRA - D006 | F144: c07bc96a-3d81-11ed-989f-506b8dbc8dfb | G144: 38 | H144: exported 2026-04-18 | I144: BRA - D006 | J144: 10.741392 | K144: 106.72878
A145: 51578979 - DAn - LTKiet - PHÒNG KHÁM THẢO KHÁNH | B145: 11b1ecfc-4538-11ed-ad57-506b8dbc8dfb | C145: Phòng Khám Đa Khoa Thảo Khánh, 4 Đ. Lý Thường Kiệt, Dĩ An, Bình Dương | D145: Dĩ An | E145: BRA - D016 | F145: f61cca44-3d89-11ed-b141-506b8dbc8dfb | G145: 30 | H145: exported 2026-04-18 | I145: BRA - D016 | J145: 10.907794 | K145: 106.76002
A146: 46558493 - D6 - THDong - PHÒNG KHÁM ĐA KHOA THÁI ANH | B146: 49c5c69a-4ab0-11ed-9f7c-506b8dbc8dfb | C146: Phòng Khám Đa Khoa Thái Anh, 134 Tân Hòa Đông, Phường 14, Quận 6, Thành phố Hồ Chí Minh | D146: Phú Lâm | E146: BRA - D039 | F146: b188329c-ceec-11ee-bae4-506b8d9879b5 | G146: 60 | H146: exported 2026-04-18 | I146: BRA - D039 | J146: 10.75977 | K146: 106.6292
A147: 54869037 - D8 - HPhu - BS Hồ Nghĩa | B147: 583aa708-4a02-11ed-b6d0-506b8dbc8dfb | C147: 897 Đ. Hưng Phú, Phường 10, Quận 8, Thành phố Hồ Chí Minh | D147: Chánh Hưng | E147: BRA - D027 | F147: fee8236e-3d9b-11ed-9cc5-506b8dbc8dfb | G147: 60 | H147: exported 2026-04-18 | I147: BRA - D027 | J147: 10.745139 | K147: 106.66341
A148: 46651958 - D11 - TTHiep - Bs Lương Tố Quyên | B148: 81063292-4a07-11ed-9806-506b8dbc8dfb | C148: 12 Tôn Thất Hiệp, Phường 13, Quận 11, Thành phố Hồ Chí Minh | D148: Phú Thọ | E148: BRA - D047 | F148: 21415bde-73db-11ef-8478-506b8d9879b5 | G148: 60 | H148: exported 2026-04-18 | I148: BRA - D047 | J148: 10.765667 | K148: 106.65413
A149: 46133118 - D9 - LVViet - Quận 9 | B149: 94fe1cae-4473-11ed-a583-506b8dbc8dfb | C149: Le Van Viet General Hospital, 387 Đ. Lê Văn Việt, Tăng Nhơn Phú A, Thành Phố Thủ Đức, Thành phố Hồ Chí Minh 715143 | D149: Tăng Nhơn Phú | E149: BRA - D004 | F149: 1c89cd22-3d6b-11ed-b2d6-506b8dbc8dfb | G149: 72 | H149: exported 2026-04-18 | I149: BRA - D004 | J149: 10.844929 | K149: 106.79
...

Sheet Driver
A1: Driver | B1: delivery_driver_id | C1: driver_zalo_id | D1: bot_token
A2: F - P - DC101437 Lê Công Tính | B2: 53b32578-37cb-11ed-8f5a-506b8dbc8dfb
A3: Test CMT8 | B3: 66fc7198-9eb1-11f0-aaec-506b8d982279
A4: None None | B4: 46af7a44-2f2e-11f1-9378-fa163ee8d8ac
A5: P - P - PT101611 Phạm Minh Tâm | B5: e5e4a6b0-86d5-11ee-a506-506b8d9879b5
A6: P - P - PT101521 Nguyễn Minh Nhật | B6: 72bd615c-37cd-11ed-a991-506b8dbc8dfb | C6: e24e6f345362ba3ce373 | D6: 1980698793628880414:XXMGIAegigeHesHcPUQpIcnMCwhigvPUATFrPyRHiqIZqTwmvWiXbUzfDhivxPcl
A7: F - P - DC101616 Huỳnh Nhật Tân | B7: 65871f10-7671-11f0-9d16-506b8d982279 | C7: 03bb8b129d5c74022d4d | D7: 2160130926882687325:VSRHFZoYrhhtnecmAaOfmgvaKlfxBZEgxFxSbLPTAhfVwurTuJfQgOTrwyseeqJQ
A8: Trần Thanh Vân | B8: 1014422a-2c19-11f1-9378-fa163ee8d8ac
A9: F - P - DC Trần Văn Nghĩa | B9: addf4a3a-2cb5-11f1-9378-fa163ee8d8ac
A10: F - P - DC101569 Nguyễn Minh Nhật | B10: a51713c2-37c4-11ed-a4e6-506b8dbc8dfb | C10: e24e6f345362ba3ce373 | D10: 1980698793628880414:XXMGIAegigeHesHcPUQpIcnMCwhigvPUATFrPyRHiqIZqTwmvWiXbUzfDhivxPcl
A11: F - P - DC101573 Lưu Nguyễn Bảo Long | B11: 222b5bca-37cf-11ed-bee5-506b8dbc8dfb | C11: a258dbc5a48f4dd1149e | D11: 1980698793628880414:XXMGIAegigeHesHcPUQpIcnMCwhigvPUATFrPyRHiqIZqTwmvWiXbUzfDhivxPcl
A12: F - P - DC100874 Nguyễn Minh Lộc | B12: 7d4266a0-3655-11ed-80ba-506b8dbc8dfb
A13: P - P - PT101577 Huỳnh Quang Vinh | B13: 4bf98c0e-37cc-11ed-bbd2-506b8dbc8dfb
A14: F - P - DC101648 Nguyễn Tấn Phát | B14: 4e1ad614-6cdb-11ef-807b-506b8d9879b5 | C14: 65a6581b624a8b14d25b | D14: 2160130926882687325:VSRHFZoYrhhtnecmAaOfmgvaKlfxBZEgxFxSbLPTAhfVwurTuJfQgOTrwyseeqJQ
A15: P - P - PT101125 Lưu Minh | B15: 02d08390-37cf-11ed-865f-506b8dbc8dfb | C15: 7b7d76055846b118e857 | D15: 2160130926882687325:VSRHFZoYrhhtnecmAaOfmgvaKlfxBZEgxFxSbLPTAhfVwurTuJfQgOTrwyseeqJQ
A16: F - C - DC100564 Vũ Sơn Hà | B16: 1d7bdef0-35a5-11ed-be6b-506b8dbc8dfb
A17: P - P - PT101673 Hoàng Vũ Nhật Nam | B17: 6cb4d13c-b14b-11f0-b1eb-506b8d982279 | C17: 669b034f8a01635f3a10 | D17: 1980698793628880414:XXMGIAegigeHesHcPUQpIcnMCwhigvPUATFrPyRHiqIZqTwmvWiXbUzfDhivxPcl
A18: P - P - PT101315 Nguyễn Quốc Minh Cường | B18: 92886ebe-8315-11f0-886a-506b8d982279
A19: F - C - DC101601 Lê Tuấn Anh | B19: b6a4bad6-8169-11ef-9334-506b8d9879b5
A20: F - C - DC100665 Dương Tiến Hưng | B20: a9735bde-3656-11ed-a6e0-506b8dbc8dfb
A21: F - P - DC101599 Lâm Chánh Thắng | B21: 61e3d9a6-8168-11ef-866e-506b8d9879b5
A22: P - P - PT Trần Thanh Phong | B22: a17e67fc-302b-11f1-9378-fa163ee8d8ac
A23: F - P - DC100647 Nguyễn Nhất Tiên | B23: 0f9b45e0-37c7-11ed-a6ed-506b8dbc8dfb
A24: F - P - DC101436 Hầu Lâm Minh Tuấn | B24: 586fa64a-37d0-11ed-b5ef-506b8dbc8dfb | C24: cb12ddfaeea707f95eb6 | D24: 2160130926882687325:VSRHFZoYrhhtnecmAaOfmgvaKlfxBZEgxFxSbLPTAhfVwurTuJfQgOTrwyseeqJQ
A25: P - P - PT101456 Nguyễn Văn Mẫn | B25: beccea10-6cda-11ef-9c86-506b8d9879b5 | C25: 51fc7b9222c7cb9992d6 | D25: 1980698793628880414:XXMGIAegigeHesHcPUQpIcnMCwhigvPUATFrPyRHiqIZqTwmvWiXbUzfDhivxPcl
A26: F - C - DC100842 Nguyễn Hoàng Phi | B26: d442fba0-37c6-11ed-ab29-506b8dbc8dfb | C26: c4530791c2db2b8572ca | D26: 2160130926882687325:VSRHFZoYrhhtnecmAaOfmgvaKlfxBZEgxFxSbLPTAhfVwurTuJfQgOTrwyseeqJQ
A27: F - C - DC101416 Đỗ Đức Tú | B27: 3a3ce91e-37c9-11ed-a1c0-506b8dbc8dfb
A28: F - P - DC100732 Phan Thanh Phương | B28: 13b1b67a-37c5-11ed-adcf-506b8dbc8dfb | C28: 430767465e0cb752ee1d | D28: 1980698793628880414:XXMGIAegigeHesHcPUQpIcnMCwhigvPUATFrPyRHiqIZqTwmvWiXbUzfDhivxPcl
A29: F - C - DC101201 Nguyễn Hữu Quỳnh | B29: f3cef536-7671-11f0-84d2-506b8d982279
A30: F - P - DC101876 Trịnh Ngọc Sơn | B30: 353f3686-dcc8-11f0-82b8-506b8d982279 | C30: e7ce6d37cc7f25217c6e | D30: 2160130926882687325:VSRHFZoYrhhtnecmAaOfmgvaKlfxBZEgxFxSbLPTAhfVwurTuJfQgOTrwyseeqJQ
A31: F - P - DC101271 Nguyễn Hoàng Hải | B31: af0e0460-72a1-11f0-a649-506b8d982279
A32: F - P - DC101448 Lê Duy Khánh | B32: cdb1dc1a-3655-11ed-a124-506b8dbc8dfb | C32: b57751bd28f2c1ac98e3 | D32: 1980698793628880414:XXMGIAegigeHesHcPUQpIcnMCwhigvPUATFrPyRHiqIZqTwmvWiXbUzfDhivxPcl
A33: F - P - DC101983 Trần Thanh Tùng | B33: d0c49512-2f05-11f1-9378-fa163ee8d8ac
A34: P - P - PT101608 Tào Ngọc Long | B34: 193300ea-7f95-11ee-84a7-506b8d9879b5
A35: P - P - PT101408 Đào Thanh Bình | B35: f8e1f88e-7428-11f0-9e02-506b8d982279
A36: P - P - PT101589 Trần Minh Long | B36: aa436cae-e9f3-11ef-bd94-506b8d9879b5 | C36: f07b253084796d273468 | D36: 1980698793628880414:XXMGIAegigeHesHcPUQpIcnMCwhigvPUATFrPyRHiqIZqTwmvWiXbUzfDhivxPcl
A37: P - P - PT101575 Nguyễn Hoàng Phước | B37: e4a718be-e9f3-11ef-98bc-506b8d9879b5 | C37: c17d82a44af3a3adfae2 | D37: 1980698793628880414:XXMGIAegigeHesHcPUQpIcnMCwhigvPUATFrPyRHiqIZqTwmvWiXbUzfDhivxPcl
A38: P - P - PT101525 Trương Quân Bảo | B38: 79df43e6-e4ad-11ed-b359-506b8dbc8dfb | C38: e80906b6b1fa58a401eb | D38: 1980698793628880414:XXMGIAegigeHesHcPUQpIcnMCwhigvPUATFrPyRHiqIZqTwmvWiXbUzfDhivxPcl
A39: F - P - DC100688 Nguyễn Minh Trung | B39: 8909168a-37c4-11ed-9647-506b8dbc8dfb | C39: 6f0424c9ec8505db5c94 | D39: 1980698793628880414:XXMGIAegigeHesHcPUQpIcnMCwhigvPUATFrPyRHiqIZqTwmvWiXbUzfDhivxPcl
A40: P - P - PT101624 Nguyễn Tấn Phát | B40: 82eab352-ed64-11ed-b067-506b8dbc8dfb | C40: 65a6581b624a8b14d25b | D40: 2160130926882687325:VSRHFZoYrhhtnecmAaOfmgvaKlfxBZEgxFxSbLPTAhfVwurTuJfQgOTrwyseeqJQ
A41: P - P - PT101564 Phạm Đình Thuận | B41: 12f6f6a8-7671-11f0-8d6e-506b8d982279 | C41: 3baf1edd67908eced781 | D41: 1980698793628880414:XXMGIAegigeHesHcPUQpIcnMCwhigvPUATFrPyRHiqIZqTwmvWiXbUzfDhivxPcl
A42: F - P - DC101464 Nguyễn Hoàng Hiểu | B42: 53288a46-729f-11f0-880a-506b8d982279
A43: F - P - DC100299 Đỗ Anh Quốc | B43: 061bd7aa-35a6-11ed-9426-506b8dbc8dfb | C43: a6d70e0cd7463e186757 | D43: 2160130926882687325:VSRHFZoYrhhtnecmAaOfmgvaKlfxBZEgxFxSbLPTAhfVwurTuJfQgOTrwyseeqJQ
A44: F - P - DC101808 Vòng Thanh Bình | B44: e6ec3cc4-982d-11f0-bf93-506b8d982279
A45: P - P - PT101395 Nguyễn Nhất Tiên | B45: 4039c1ba-ecf4-11ef-9bff-506b8d9879b5
A46: F - P - DC100072 Lê Tự Đức | B46: ec91a612-35a4-11ed-953d-506b8dbc8dfb
B47: dd82363e-5392-11ee-a5c5-506b8d9879b5
B48: af55b146-7d36-11ee-88c7-506b8d9879b5
A49: F - P - DC100812 Lê Thanh Trí | B49: 78bf2244-37c7-11ed-88ac-506b8dbc8dfb
A50: P - P - PT101510 Doãn Bá Hiên | B50: 6b99d4e6-8315-11f0-a782-506b8d982279 | C50: 557c6317f65c1f02464d | D50: 2160130926882687325:VSRHFZoYrhhtnecmAaOfmgvaKlfxBZEgxFxSbLPTAhfVwurTuJfQgOTrwyseeqJQ
A51: P - P - PT Nguyễn Hoàng Minh Hiếu | B51: be133350-2f42-11f1-9378-fa163ee8d8ac
A52: P - P - PT101330 Nguyễn Minh Trung | B52: 3cb7f410-1967-11ee-a735-506b8d9879b5 | C52: 6f0424c9ec8505db5c94 | D52: 1980698793628880414:XXMGIAegigeHesHcPUQpIcnMCwhigvPUATFrPyRHiqIZqTwmvWiXbUzfDhivxPcl
A53: TEST JULIE | B53: 30bc65ee-ecf4-11ef-9ebd-506b8d9879b5
A54: F - P - DC101676 Y Quý | B54: 415fcafc-e9f3-11ef-83fe-506b8d9879b5 | C54: 78ab195a2c14c54a9c05 | D54: 1980698793628880414:XXMGIAegigeHesHcPUQpIcnMCwhigvPUATFrPyRHiqIZqTwmvWiXbUzfDhivxPcl
A55: Test D001 | B55: 31f703f0-002f-11ee-afcc-506b8dbc8dfb
A56: P - P - PT101590 Đỗ Đức Tú | B56: dd16c5e6-7711-11ee-a871-506b8d9879b5
A57: P - P - PT101560 Vũ Trần Hoàng | B57: 9bc56e4c-bafa-11f0-ac23-506b8d982279
A58: P - P - PT101225 Đoàn Văn Thảo | B58: 87a65bf6-e32f-11ed-9719-506b8dbc8dfb
A59: F - P - DC101665 Nguyễn Hoàng Phước | B59: d30c5ad8-e9f3-11ef-bb15-506b8d9879b5 | C59: c17d82a44af3a3adfae2 | D59: 1980698793628880414:XXMGIAegigeHesHcPUQpIcnMCwhigvPUATFrPyRHiqIZqTwmvWiXbUzfDhivxPcl
A60: P - P - PT101512 Cao Hoài Đức | B60: 45593fda-d98f-11f0-9cdf-506b8d982279
A61: P - P - PT101309 Trương Tuấn Kiệt | B61: 94d020f4-7429-11f0-9518-506b8d982279
B62: 1797055a-e9f3-11ef-9688-506b8d9879b5
A63: P - P - PT101629 Khưu Hiếu Long | B63: 45184232-78c3-11f0-9059-506b8d982279
A64: P - P - PT101280 Phạm Thế Luật | B64: 9c29f88c-37ca-11ed-849d-506b8dbc8dfb | C64: df012112df5f36016f4e | D64: 1980698793628880414:XXMGIAegigeHesHcPUQpIcnMCwhigvPUATFrPyRHiqIZqTwmvWiXbUzfDhivxPcl
A65: F - P - DC101166 Nguyễn Quang Trí | B65: 717fa61c-3654-11ed-b103-506b8dbc8dfb | C65: fbc73b7bb6385f660629 | D65: 1980698793628880414:XXMGIAegigeHesHcPUQpIcnMCwhigvPUATFrPyRHiqIZqTwmvWiXbUzfDhivxPcl
A66: P - P - PT101695 Nguyễn Minh Đạt | B66: feb9afca-fcce-11f0-9378-fa163ee8d8ac
A67: P - P - PT101694 Trà Xuân Trường | B67: f2e2fe29-f504-11f0-9378-fa163ee8d8ac | C67: c68359c32e95c7cb9e84 | D67: 1980698793628880414:XXMGIAegigeHesHcPUQpIcnMCwhigvPUATFrPyRHiqIZqTwmvWiXbUzfDhivxPcl
A68: F - P - DC101795 Hoàng Quốc Huy | B68: b2c9b066-9445-11f0-b1db-506b8d982279 | C68: 59fa514f510cb852e11d | D68: 1980698793628880414:XXMGIAegigeHesHcPUQpIcnMCwhigvPUATFrPyRHiqIZqTwmvWiXbUzfDhivxPcl
A69: F - P - DC100074 Võ Văn Tân | B69: c2cc021a-35a3-11ed-bd3c-506b8dbc8dfb | C69: 859d14288b6b62353b7a | D69: 1980698793628880414:XXMGIAegigeHesHcPUQpIcnMCwhigvPUATFrPyRHiqIZqTwmvWiXbUzfDhivxPcl
A70: F - P - DC100477 Đoàn Triệu Khiết | B70: 8ae6fb50-3654-11ed-a628-506b8dbc8dfb | C70: ed11af8003cfea91b3de | D70: 1980698793628880414:XXMGIAegigeHesHcPUQpIcnMCwhigvPUATFrPyRHiqIZqTwmvWiXbUzfDhivxPcl
A71: F - P - DC101776 Đặng Thanh Duy | B71: a4f43b0a-7fe6-11f0-9c60-506b8d982279 | C71: ebe64d8a32c4db9a82d5 | D71: 1980698793628880414:XXMGIAegigeHesHcPUQpIcnMCwhigvPUATFrPyRHiqIZqTwmvWiXbUzfDhivxPcl
A72: F - P - DC101925 Nguyễn Hữu Lợi | B72: ac72dd9c-16bc-11f1-9378-fa163ee8d8ac | C72: 65935f09f3401a1e4351 | D72: 2160130926882687325:VSRHFZoYrhhtnecmAaOfmgvaKlfxBZEgxFxSbLPTAhfVwurTuJfQgOTrwyseeqJQ
A73: P - P - PT101511 Võ Quốc Vấn | B73: 65729bbe-19da-11f1-9378-fa163ee8d8ac | C73: dd1ddbfd29a8c0f699b9 | D73: 1980698793628880414:XXMGIAegigeHesHcPUQpIcnMCwhigvPUATFrPyRHiqIZqTwmvWiXbUzfDhivxPcl
A74: P - P - PT101704 Nguyễn Thành Trung | B74: 8d602488-2534-11f1-9378-fa163ee8d8ac
A75: P - P - PT101504 Đặng Bảo Minh | B75: 4a572b20-7fc9-11f0-8022-506b8d982279 | C75: 79c9ae133c4ed5108c5f | D75: 1980698793628880414:XXMGIAegigeHesHcPUQpIcnMCwhigvPUATFrPyRHiqIZqTwmvWiXbUzfDhivxPcl
A76: F - P - DC100300 Nguyễn Hoàng Thanh | B76: 795acac4-35a5-11ed-9451-506b8dbc8dfb
A77: F - P - DC101272 Nguyễn Lê Trung HIếu | B77: 48e958aa-3655-11ed-8881-506b8dbc8dfb
A78: P - P - PT101688 Trịnh Ngọc Sơn | B78: 5210b666-e7b0-11f0-b0d1-506b8d982279 | C78: e7ce6d37cc7f25217c6e | D78: 2160130926882687325:VSRHFZoYrhhtnecmAaOfmgvaKlfxBZEgxFxSbLPTAhfVwurTuJfQgOTrwyseeqJQ
A79: P - P - PT101549 Đỗ Hữu Hùng | B79: 3332a8be-2c83-11f0-9d48-506b8d982279 | C79: 54ffd6939ec3779d2ed2 | D79: 1980698793628880414:XXMGIAegigeHesHcPUQpIcnMCwhigvPUATFrPyRHiqIZqTwmvWiXbUzfDhivxPcl
A80: P - P - PT101473 Nguyễn Hoàng Hiểu | B80: bfc74ad4-7e84-11f0-9b28-506b8d982279
A81: P - P - PT101690 Lâm Sơn Tuấn | B81: f5d3248a-eb7c-11f0-94e2-506b8d982279 | C81: 76599ccdde8e37d06e9f | D81: 2160130926882687325:VSRHFZoYrhhtnecmAaOfmgvaKlfxBZEgxFxSbLPTAhfVwurTuJfQgOTrwyseeqJQ
A82: F - P - DC101982 Trần Thanh Phong | B82: 41ea8512-2e70-11f1-9378-fa163ee8d8ac
A83: F - P - DC101691 Phan Thanh Nghĩa | B83: 987568fa-37c7-11ed-aac2-506b8dbc8dfb | C83: fb399a0ae5460c185557 | D83: 2160130926882687325:VSRHFZoYrhhtnecmAaOfmgvaKlfxBZEgxFxSbLPTAhfVwurTuJfQgOTrwyseeqJQ
A84: FT D010 Phạm Thái Phương | B84: 34a6e11e-3fb1-11f1-9378-fa163ee8d8ac
A85: P - P - PTBU Dương Tấn Bảo | B85: 5ffdb53e-42ba-11f1-9378-fa163ee8d8ac
A86: P - C - PT101706 Trần Hữu Nghị | B86: d5dd1b7a-2d78-11f1-9378-fa163ee8d8ac
A87: P - P - PT101365 Nguyễn Minh Thông | B87: a4e52324-215e-11ee-afc5-506b8d9879b5 | C87: 948d059b10d2f98ca0c3 | D87: 1980698793628880414:XXMGIAegigeHesHcPUQpIcnMCwhigvPUATFrPyRHiqIZqTwmvWiXbUzfDhivxPcl
B88: af969480-7f94-11ee-b40a-506b8d9879b5
A89: F - P - DC102016 Dương Tấn Bảo | B89: eaf974dc-3f9c-11f1-9378-fa163ee8d8ac
A90: F - C - DC100017 Khưu Tấn Tài | B90: e3970cec-503e-11f1-9378-fa163ee8d8ac
A91: F - P - DC100014 Trần Việt Nhân | B91: 50dc4de2-503c-11f1-9378-fa163ee8d8ac
A92: P - C - PT101707 Huỳnh Nhật Duy Anh Hòa | B92: 3975f4d8-2e5d-11f1-9378-fa163ee8d8ac
A93: P - P - PT101057 Phan Trọng Phiếm | B93: efbf243a-37c6-11ed-93fb-506b8dbc8dfb | C93: c73df7953cd9d5878cc8 | D93: 1980698793628880414:XXMGIAegigeHesHcPUQpIcnMCwhigvPUATFrPyRHiqIZqTwmvWiXbUzfDhivxPcl
A94: F - P - DC101219 Nguyễn Hoàng Vũ | B94: f3ac0136-ed64-11ed-9bdf-506b8dbc8dfb
A95: F - C - DC100993 Nguyễn Hồng Sơn | B95: f5993946-37cf-11ed-a3fc-506b8dbc8dfb
B96: 5b3b303a-8169-11ef-962e-506b8d9879b5
A97: P - P - PT101530 Trương Công Hồ | B97: cf90a04a-ed64-11ed-8947-506b8dbc8dfb | C97: c68359c32e95c7cb9e84 | D97: 1980698793628880414:XXMGIAegigeHesHcPUQpIcnMCwhigvPUATFrPyRHiqIZqTwmvWiXbUzfDhivxPcl
A98: P - P - PT101265 Nguyễn Thanh Hùng | B98: 28b72f24-3657-11ed-8d5c-506b8dbc8dfb | C98: 26f3924da71c4e42170d | D98: 2160130926882687325:VSRHFZoYrhhtnecmAaOfmgvaKlfxBZEgxFxSbLPTAhfVwurTuJfQgOTrwyseeqJQ
A99: F - D - DC101765 Trần Minh Nhật | B99: b74e3178-7caf-11f0-a9c3-506b8d982279 | C99: 473ef1d8329bdbc5828a | D99: 2160130926882687325:VSRHFZoYrhhtnecmAaOfmgvaKlfxBZEgxFxSbLPTAhfVwurTuJfQgOTrwyseeqJQ
A100: P - P - PT101563 Huỳnh Nhật Tân | B100: f760ccd8-b6e1-11ef-85b9-506b8d9879b5 | C100: 03bb8b129d5c74022d4d | D100: 2160130926882687325:VSRHFZoYrhhtnecmAaOfmgvaKlfxBZEgxFxSbLPTAhfVwurTuJfQgOTrwyseeqJQ
...

Sheet distance_master
A1: lat1 | B1: long1 | C1: lat2 | D1: long2 | E1: distance_km
A2: 10.00144 | B2: 105.7683 | C2: 10.00144 | D2: 105.7683 | E2: 0
A3: 10.00144 | B3: 105.7683 | C3: 10.00583 | D3: 105.7717 | E3: 2.629
A4: 10.00144 | B4: 105.7683 | C4: 10.00943 | D4: 105.7921 | E4: 3.369
A5: 10.00144 | B5: 105.7683 | C5: 10.03381 | D5: 105.7637 | E5: 5.765
A6: 10.00144 | B6: 105.7683 | C6: 10.03708 | D6: 105.7543 | E6: 5.744
A7: 10.00144 | B7: 105.7683 | C7: 10.77509 | D7: 106.6727 | E7: 150.743
A8: 10.00583 | B8: 105.7717 | C8: 10.00943 | D8: 105.7921 | E8: 3.1
A9: 10.00583 | B9: 105.7717 | C9: 10.01713 | D9: 105.7392 | E9: 5.3
A10: 10.00583 | B10: 105.7717 | C10: 10.03381 | D10: 105.7637 | E10: 4.7
A11: 10.00583 | B11: 105.7717 | C11: 10.03708 | D11: 105.7543 | E11: 5.4
A12: 10.00583 | B12: 105.7717 | C12: 10.0519 | D12: 105.7741 | E12: 6.9
A13: 10.00583 | B13: 105.7717 | C13: 10.05905 | D13: 105.7595 | E13: 8.7
... A6471: 10.76163 | B6471: 106.6769 | C6471: 10.77509 | D6471: 106.6727 | E6471: 1.7
